Air Date,Media Type,Act Impression
11/18/2015,Cable,22554
11/17/2015,Cable,23603
11/21/2015,Cable,22581
11/28/2015,Cable,27410
11/20/2015,Cable,23564
11/26/2015,Cable,23774
11/28/2015,Cable,27410
11/26/2015,Cable,23774
11/4/2015,Cable,26709
11/15/2015,Cable,25147
11/14/2015,Cable,25354
11/17/2015,Cable,26502
11/20/2015,Cable,28365
11/23/2015,Cable,25497
11/10/2015,Cable,26670
11/21/2015,Cable,22482
11/16/2015,Cable,25105
11/21/2015,Cable,23828
11/25/2015,Cable,22235
11/17/2015,Cable,27687
11/21/2015,Cable,26085
11/15/2015,Cable,23525
11/26/2015,Cable,22471
11/20/2015,Cable,28038
11/14/2015,Cable,27520
11/20/2015,Cable,25021
11/24/2015,Cable,28432
11/10/2015,Cable,30943
11/7/2015,Cable,31555
11/15/2015,Cable,34358
11/17/2015,Cable,32131
11/22/2015,Cable,29579
11/13/2015,Cable,28741
12/7/2015,Cable,33019
11/16/2015,Cable,33602
11/19/2015,Cable,32844
11/16/2015,Cable,28723
11/18/2015,Cable,29912
11/13/2015,Cable,31995
11/20/2015,Cable,32099
11/16/2015,Cable,28550
11/22/2015,Cable,30323
11/22/2015,Cable,30323
11/16/2015,Cable,29856
11/20/2015,Cable,33739
11/14/2015,Cable,29149
11/4/2015,Cable,33651
11/5/2015,Cable,30190
11/15/2015,Cable,32401
11/11/2015,Cable,33319
11/1/2015,Cable,31103
11/2/2015,Cable,30727
11/20/2015,Cable,33335
12/5/2015,Cable,30443
11/14/2015,Cable,34185
11/2/2015,Cable,30318
11/16/2015,Cable,29828
11/12/2015,Cable,32994
11/21/2015,Cable,32185
12/8/2015,Cable,32941
11/17/2015,Cable,34548
11/13/2015,Cable,28773
11/19/2015,Cable,31051
11/24/2015,Broadcast,31992
12/8/2015,Cable,32336
12/5/2015,Cable,32557
11/24/2015,Cable,29352
11/2/2015,Cable,32621
11/25/2015,Cable,30640
11/24/2015,Cable,31573
11/14/2015,Cable,33736
11/3/2015,Cable,32449
11/24/2015,Broadcast,31498
11/16/2015,Cable,29273
11/12/2015,Cable,31242
11/21/2015,Cable,33557
12/8/2015,Cable,34261
12/8/2015,Cable,29800
11/22/2015,Cable,31358
11/22/2015,Cable,31358
11/13/2015,Cable,33624
11/12/2015,Cable,34323
11/5/2015,Cable,33525
11/7/2015,Cable,31946
11/20/2015,Cable,28747
11/21/2015,Cable,34018
11/6/2015,Cable,33941
12/2/2015,Cable,30777
11/20/2015,Cable,34110
11/4/2015,Cable,34488
11/5/2015,Broadcast,30809
11/6/2015,Cable,34424
11/20/2015,Cable,32036
11/5/2015,Cable,30284
11/20/2015,Cable,34219
11/25/2015,Cable,33118
11/10/2015,Cable,34551
11/7/2015,Broadcast,31138
11/26/2015,Cable,34416
11/10/2015,Cable,34020
11/6/2015,Cable,32658
11/6/2015,Cable,33707
11/30/2015,Cable,33221
11/30/2015,Cable,33221
11/25/2015,Cable,34552
11/24/2015,Cable,33433
11/26/2015,Cable,32769
11/20/2015,Cable,31125
11/2/2015,Cable,34142
11/17/2015,Cable,29123
11/25/2015,Cable,32833
11/17/2015,Cable,32590
11/3/2015,Cable,32314
11/20/2015,Cable,34388
11/24/2015,Cable,28487
11/21/2015,Cable,34550
11/20/2015,Cable,32386
11/16/2015,Cable,30842
11/5/2015,Cable,32372
11/14/2015,Cable,29955
11/25/2015,Cable,33503
11/14/2015,Cable,33943
11/14/2015,Cable,33121
11/21/2015,Cable,33417
11/11/2015,Cable,31087
11/28/2015,Cable,31817
11/28/2015,Cable,31817
11/5/2015,Cable,29946
11/11/2015,Cable,29980
11/21/2015,Cable,31118
11/17/2015,Cable,30016
11/16/2015,Cable,28830
11/5/2015,Cable,32898
11/25/2015,Cable,31515
11/20/2015,Cable,28923
11/23/2015,Cable,30066
11/23/2015,Cable,30066
11/6/2015,Cable,33399
11/8/2015,Cable,30610
11/1/2015,Cable,34127
11/19/2015,Cable,31909
11/17/2015,Cable,29815
11/23/2015,Cable,29314
11/13/2015,Cable,30152
11/21/2015,Cable,28763
11/27/2015,Cable,31670
11/16/2015,Cable,31175
11/17/2015,Cable,32269
12/7/2015,Cable,33590
11/5/2015,Cable,33991
11/24/2015,Cable,33931
11/26/2015,Cable,28522
11/28/2015,Cable,33821
11/15/2015,Cable,33964
11/7/2015,Cable,33174
11/6/2015,Cable,33086
11/28/2015,Cable,31012
11/20/2015,Cable,31491
11/20/2015,Cable,29209
11/7/2015,Cable,28780
11/24/2015,Cable,31992
11/11/2015,Cable,32715
11/23/2015,Cable,32684
11/10/2015,Cable,34001
11/7/2015,Cable,30803
11/25/2015,Cable,32480
11/27/2015,Cable,31416
11/24/2015,Cable,28432
11/7/2015,Cable,29702
11/20/2015,Cable,31904
11/1/2015,Cable,35025
11/20/2015,Cable,38586
11/1/2015,Cable,34845
11/16/2015,Cable,36831
11/22/2015,Cable,35382
11/9/2015,Broadcast,36907
11/9/2015,Broadcast,36907
11/5/2015,Cable,35742
11/25/2015,Cable,38110
11/28/2015,Broadcast,35551
11/28/2015,Broadcast,35551
11/4/2015,Cable,35466
11/25/2015,Cable,38110
11/14/2015,Cable,37901
11/5/2015,Cable,40969
11/5/2015,Cable,35958
11/19/2015,Cable,34889
11/9/2015,Cable,34874
12/4/2015,Cable,36299
11/1/2015,Cable,37477
11/14/2015,Cable,40886
11/8/2015,Cable,38288
11/6/2015,Cable,38167
11/29/2015,Cable,38071
11/15/2015,Cable,38840
11/21/2015,Cable,34846
11/3/2015,Cable,40704
11/22/2015,Cable,40007
11/22/2015,Cable,40007
11/21/2015,Cable,38961
11/7/2015,Cable,35019
11/25/2015,Broadcast,37443
11/13/2015,Cable,40308
11/7/2015,Cable,39667
11/28/2015,Cable,35743
11/28/2015,Cable,35743
11/21/2015,Cable,40454
11/21/2015,Cable,38775
11/6/2015,Cable,38984
11/13/2015,Cable,36792
12/7/2015,Cable,35070
11/20/2015,Cable,37043
11/30/2015,Cable,40411
11/30/2015,Cable,40411
11/23/2015,Cable,38113
11/25/2015,Cable,36209
11/11/2015,Cable,40942
12/8/2015,Cable,37434
11/20/2015,Cable,37305
12/8/2015,Cable,38912
11/4/2015,Broadcast,38977
12/7/2015,Cable,40957
12/4/2015,Cable,35891
11/17/2015,Cable,38884
11/20/2015,Cable,38564
11/11/2015,Cable,37146
11/16/2015,Broadcast,36504
12/7/2015,Cable,35957
11/20/2015,Cable,39802
11/24/2015,Cable,37233
11/4/2015,Cable,35599
11/23/2015,Cable,37423
11/22/2015,Cable,40614
11/22/2015,Cable,40614
11/26/2015,Cable,35361
11/6/2015,Cable,40839
11/11/2015,Cable,40460
11/4/2015,Cable,40902
11/5/2015,Cable,35114
12/10/2015,Cable,35532
11/6/2015,Cable,39414
11/4/2015,Cable,35940
12/8/2015,Cable,39527
12/10/2015,Cable,36588
11/9/2015,Cable,40847
12/4/2015,Cable,38701
11/5/2015,Cable,39291
11/6/2015,Cable,36051
11/30/2015,Cable,35695
11/5/2015,Cable,41121
11/30/2015,Cable,35695
11/26/2015,Cable,39903
11/26/2015,Cable,37307
11/20/2015,Cable,40101
11/6/2015,Cable,40250
11/25/2015,Cable,39449
11/17/2015,Cable,36076
11/20/2015,Broadcast,34970
11/21/2015,Cable,37008
11/17/2015,Cable,40958
11/24/2015,Cable,36954
11/20/2015,Broadcast,39436
11/26/2015,Cable,39970
11/20/2015,Cable,37273
11/13/2015,Cable,36802
11/16/2015,Cable,38934
12/8/2015,Cable,36714
11/6/2015,Cable,34872
12/4/2015,Cable,36925
11/15/2015,Cable,38492
11/23/2015,Cable,35632
12/3/2015,Cable,38514
11/9/2015,Cable,35723
11/20/2015,Cable,37880
11/21/2015,Cable,37688
12/3/2015,Cable,36651
11/12/2015,Cable,35033
11/17/2015,Cable,38389
11/21/2015,Cable,36265
11/13/2015,Cable,35277
11/12/2015,Cable,38316
11/21/2015,Cable,35882
11/18/2015,Cable,41099
11/8/2015,Cable,39131
11/13/2015,Cable,36009
12/7/2015,Cable,39188
11/11/2015,Cable,38170
11/25/2015,Cable,40879
11/16/2015,Cable,36075
11/27/2015,Cable,39708
11/1/2015,Cable,39722
11/7/2015,Cable,39021
11/6/2015,Cable,34897
11/11/2015,Cable,43567
11/20/2015,Cable,43088
11/22/2015,Cable,45652
11/18/2015,Cable,42564
12/9/2015,Cable,44671
11/6/2015,Cable,46213
11/22/2015,Cable,46416
11/22/2015,Cable,46416
12/9/2015,Cable,42139
11/29/2015,Cable,41291
11/4/2015,Cable,42498
11/5/2015,Cable,41960
11/15/2015,Cable,45439
11/5/2015,Cable,43653
11/10/2015,Cable,46062
11/16/2015,Cable,44117
11/28/2015,Broadcast,42282
11/28/2015,Broadcast,42282
12/6/2015,Cable,41793
11/21/2015,Cable,45596
11/20/2015,Cable,41253
12/6/2015,Cable,46386
11/14/2015,Cable,43451
11/22/2015,Cable,42447
11/22/2015,Cable,42447
11/5/2015,Broadcast,45556
11/24/2015,Cable,41536
11/24/2015,Cable,41536
12/9/2015,Cable,42994
11/21/2015,Cable,42011
11/10/2015,Cable,46221
11/12/2015,Cable,44509
11/16/2015,Cable,42719
11/12/2015,Cable,45706
11/11/2015,Broadcast,45550
11/21/2015,Cable,42590
11/24/2015,Cable,45955
11/16/2015,Broadcast,44646
11/4/2015,Cable,44485
11/6/2015,Cable,41656
11/22/2015,Cable,42832
11/23/2015,Cable,47269
11/23/2015,Cable,47269
11/5/2015,Cable,42882
11/28/2015,Cable,42518
11/28/2015,Cable,42518
11/20/2015,Cable,47142
12/5/2015,Cable,42704
11/28/2015,Cable,45092
11/10/2015,Cable,46812
11/23/2015,Cable,43514
11/28/2015,Cable,45092
12/4/2015,Cable,46753
11/28/2015,Cable,45092
11/16/2015,Cable,45940
11/17/2015,Cable,42254
11/10/2015,Cable,43105
11/7/2015,Cable,41359
11/12/2015,Cable,47404
11/5/2015,Cable,46282
12/4/2015,Cable,42009
12/10/2015,Cable,45909
11/14/2015,Cable,42164
11/7/2015,Cable,44865
11/15/2015,Broadcast,43245
11/10/2015,Cable,45535
11/23/2015,Cable,44063
12/2/2015,Cable,44057
11/16/2015,Cable,45658
11/16/2015,Cable,45658
11/16/2015,Cable,47171
11/15/2015,Cable,45813
11/10/2015,Cable,42082
12/8/2015,Cable,41273
11/7/2015,Cable,44516
12/5/2015,Cable,43025
11/20/2015,Cable,42338
11/25/2015,Cable,44132
11/24/2015,Cable,41952
11/14/2015,Cable,46034
11/8/2015,Cable,43264
11/20/2015,Cable,42784
11/20/2015,Cable,43032
11/5/2015,Broadcast,47362
11/23/2015,Cable,43771
11/4/2015,Cable,43394
11/30/2015,Cable,41414
11/20/2015,Cable,42297
11/30/2015,Cable,41414
11/16/2015,Cable,41530
11/18/2015,Cable,44338
11/6/2015,Broadcast,44714
11/20/2015,Cable,44641
11/19/2015,Broadcast,46374
11/4/2015,Cable,42713
11/18/2015,Cable,43325
11/30/2015,Cable,47064
11/6/2015,Cable,45968
11/30/2015,Cable,46101
11/30/2015,Cable,46101
11/30/2015,Cable,46101
11/17/2015,Cable,42736
11/7/2015,Cable,47139
11/13/2015,Cable,46244
11/4/2015,Cable,41234
11/6/2015,Cable,45981
11/14/2015,Cable,45509
11/11/2015,Cable,43330
11/3/2015,Cable,44770
11/13/2015,Cable,44282
11/17/2015,Cable,43192
11/5/2015,Cable,42358
11/6/2015,Cable,45644
11/21/2015,Cable,45247
11/26/2015,Cable,43714
11/26/2015,Cable,43714
11/20/2015,Cable,42737
11/13/2015,Cable,43359
11/13/2015,Cable,43122
11/27/2015,Cable,45688
11/22/2015,Cable,41652
11/14/2015,Cable,41277
11/7/2015,Cable,44690
11/7/2015,Cable,43624
11/20/2015,Cable,45042
11/10/2015,Cable,42972
11/26/2015,Cable,46129
11/26/2015,Cable,46129
11/11/2015,Cable,41904
11/16/2015,Cable,44769
11/27/2015,Cable,42263
11/27/2015,Cable,42263
11/30/2015,Cable,47567
11/30/2015,Cable,47567
11/4/2015,Cable,49566
11/8/2015,Cable,49096
11/18/2015,Cable,51358
11/20/2015,Cable,51064
11/8/2015,Cable,49096
11/20/2015,Cable,47772
11/17/2015,Broadcast,49927
11/17/2015,Broadcast,49927
11/20/2015,Cable,53891
11/4/2015,Broadcast,48335
11/20/2015,Cable,53891
11/8/2015,Cable,51502
11/4/2015,Cable,52037
11/4/2015,Cable,49848
11/12/2015,Cable,48065
12/7/2015,Cable,51386
11/9/2015,Cable,50685
11/1/2015,Cable,48787
11/29/2015,Cable,52004
11/3/2015,Cable,47850
11/9/2015,Cable,49468
12/8/2015,Cable,48157
11/16/2015,Cable,47697
11/10/2015,Cable,50158
11/30/2015,Cable,53857
11/13/2015,Cable,52676
11/4/2015,Cable,52253
11/23/2015,Cable,52633
11/23/2015,Cable,52633
12/10/2015,Cable,53497
11/20/2015,Cable,53559
11/12/2015,Cable,49480
11/10/2015,Cable,48734
12/4/2015,Cable,51942
11/27/2015,Cable,47914
12/1/2015,Cable,50075
11/22/2015,Cable,49667
11/23/2015,Cable,48641
11/23/2015,Cable,48641
11/22/2015,Cable,51983
11/23/2015,Broadcast,49666
11/29/2015,Cable,49199
11/15/2015,Cable,51999
11/29/2015,Cable,49199
11/10/2015,Cable,49297
12/5/2015,Cable,48102
11/4/2015,Broadcast,52625
11/21/2015,Cable,50630
11/13/2015,Cable,49942
11/24/2015,Cable,48007
11/28/2015,Cable,53448
11/4/2015,Cable,49168
11/24/2015,Cable,48267
11/24/2015,Cable,48267
11/11/2015,Cable,50759
11/19/2015,Broadcast,47726
11/26/2015,Cable,51784
11/8/2015,Cable,51826
11/9/2015,Cable,49760
11/20/2015,Broadcast,51442
11/20/2015,Cable,47626
11/12/2015,Cable,51973
11/10/2015,Cable,48617
11/26/2015,Cable,48457
11/18/2015,Cable,52962
12/10/2015,Cable,51878
11/4/2015,Cable,50717
12/5/2015,Cable,50913
11/16/2015,Broadcast,47653
11/11/2015,Cable,52059
11/11/2015,Cable,51056
11/18/2015,Cable,49924
11/11/2015,Cable,50087
11/4/2015,Cable,50179
11/5/2015,Cable,50678
11/9/2015,Cable,49853
11/9/2015,Cable,49853
11/16/2015,Cable,53268
11/6/2015,Cable,50962
11/12/2015,Cable,53537
11/11/2015,Cable,53191
11/10/2015,Cable,53306
11/25/2015,Cable,47842
11/11/2015,Cable,51879
11/23/2015,Cable,53418
11/23/2015,Cable,53418
11/6/2015,Cable,49254
11/10/2015,Cable,51804
11/20/2015,Cable,50011
11/17/2015,Cable,51308
11/14/2015,Cable,50529
11/14/2015,Cable,53831
11/11/2015,Broadcast,49820
11/10/2015,Cable,51794
12/4/2015,Cable,52252
11/14/2015,Cable,51559
11/6/2015,Cable,50414
11/14/2015,Cable,48442
11/30/2015,Cable,53636
11/30/2015,Cable,53636
12/9/2015,Cable,48495
11/4/2015,Broadcast,49028
11/6/2015,Broadcast,51908
11/6/2015,Cable,49788
11/7/2015,Cable,52100
11/14/2015,Cable,53045
11/2/2015,Cable,48771
11/24/2015,Cable,51145
11/28/2015,Cable,51687
11/28/2015,Cable,51687
11/7/2015,Cable,50931
11/20/2015,Cable,52483
11/23/2015,Cable,53852
11/6/2015,Cable,52161
11/6/2015,Cable,53361
11/21/2015,Cable,52009
11/4/2015,Cable,50877
11/25/2015,Broadcast,50817
11/20/2015,Cable,48864
11/20/2015,Cable,47902
11/12/2015,Cable,49980
11/11/2015,Cable,50547
11/5/2015,Cable,53229
11/24/2015,Cable,52852
11/21/2015,Cable,52669
11/14/2015,Cable,53519
11/21/2015,Cable,52258
11/22/2015,Cable,50473
11/15/2015,Cable,48596
11/8/2015,Cable,52980
11/25/2015,Cable,51036
11/17/2015,Cable,51199
11/6/2015,Cable,51878
11/25/2015,Cable,53120
11/13/2015,Cable,50404
11/28/2015,Cable,53882
11/28/2015,Cable,53882
11/23/2015,Cable,53909
11/23/2015,Cable,53909
11/7/2015,Cable,52362
11/14/2015,Cable,53745
11/23/2015,Cable,49229
11/23/2015,Cable,50894
11/9/2015,Cable,49689
11/4/2015,Broadcast,51296
11/13/2015,Cable,50505
11/4/2015,Cable,51069
11/22/2015,Cable,49432
11/15/2015,Cable,49909
11/5/2015,Cable,47619
11/4/2015,Cable,54948
11/13/2015,Cable,56874
11/9/2015,Broadcast,58693
11/9/2015,Broadcast,58693
11/18/2015,Cable,55592
11/17/2015,Cable,54867
11/6/2015,Cable,56465
11/3/2015,Cable,56335
11/13/2015,Cable,58867
12/10/2015,Cable,55933
11/16/2015,Cable,54061
11/5/2015,Cable,58424
11/22/2015,Cable,57574
11/22/2015,Cable,57574
12/8/2015,Cable,54096
12/6/2015,Cable,54035
11/12/2015,Cable,56296
11/23/2015,Cable,55098
11/23/2015,Cable,55098
11/17/2015,Cable,58207
11/29/2015,Cable,56471
11/21/2015,Cable,56182
11/4/2015,Cable,59449
11/11/2015,Cable,57520
11/15/2015,Cable,58883
11/30/2015,Cable,55766
11/25/2015,Cable,54291
11/21/2015,Cable,58395
11/15/2015,Cable,57234
11/6/2015,Cable,54939
11/21/2015,Cable,55378
11/6/2015,Cable,55398
11/30/2015,Cable,57624
11/7/2015,Cable,55040
11/11/2015,Cable,58732
11/7/2015,Cable,57530
11/4/2015,Broadcast,58413
11/11/2015,Cable,57329
11/13/2015,Cable,56543
11/7/2015,Cable,56721
11/7/2015,Cable,54839
11/4/2015,Cable,58329
11/28/2015,Cable,55267
11/28/2015,Cable,55267
11/7/2015,Cable,58450
11/4/2015,Cable,54257
12/7/2015,Cable,58745
11/23/2015,Broadcast,56678
11/15/2015,Cable,54958
11/28/2015,Cable,60051
11/28/2015,Cable,60051
11/12/2015,Cable,56214
12/9/2015,Cable,56759
11/17/2015,Broadcast,56241
11/9/2015,Cable,59656
11/9/2015,Cable,55611
11/30/2015,Cable,60236
11/30/2015,Cable,60236
11/13/2015,Cable,60277
11/2/2015,Cable,57964
11/11/2015,Cable,57898
11/23/2015,Cable,56666
11/28/2015,Cable,57143
11/23/2015,Cable,56666
11/28/2015,Cable,57143
11/28/2015,Cable,54805
11/6/2015,Broadcast,58773
11/28/2015,Cable,54805
11/24/2015,Broadcast,54700
11/18/2015,Broadcast,55816
12/4/2015,Cable,57239
11/16/2015,Broadcast,57498
11/20/2015,Cable,55493
11/6/2015,Cable,55580
11/8/2015,Cable,57466
11/12/2015,Cable,58529
11/5/2015,Cable,56677
11/3/2015,Cable,59428
11/6/2015,Cable,56172
11/20/2015,Cable,54841
12/5/2015,Cable,56554
12/3/2015,Cable,58001
11/25/2015,Cable,59535
11/13/2015,Cable,59762
11/7/2015,Cable,54945
11/30/2015,Cable,55844
12/10/2015,Cable,55305
11/12/2015,Cable,57269
11/16/2015,Cable,54359
11/4/2015,Cable,56798
12/7/2015,Cable,59780
12/3/2015,Cable,59243
11/4/2015,Cable,54249
11/16/2015,Cable,55912
11/17/2015,Cable,59091
12/8/2015,Cable,57391
11/5/2015,Cable,53964
11/4/2015,Cable,59867
11/20/2015,Cable,58656
11/6/2015,Cable,54180
11/11/2015,Cable,55307
12/3/2015,Cable,57124
11/20/2015,Cable,57826
11/6/2015,Cable,56485
11/14/2015,Cable,59896
11/20/2015,Cable,57584
11/6/2015,Cable,56553
12/10/2015,Cable,59941
11/4/2015,Broadcast,58247
11/5/2015,Cable,59343
12/7/2015,Cable,60094
11/20/2015,Cable,58154
11/10/2015,Cable,54504
11/12/2015,Cable,57647
11/5/2015,Cable,59477
11/5/2015,Cable,59453
11/4/2015,Cable,54817
11/10/2015,Broadcast,58344
11/14/2015,Cable,57635
11/22/2015,Cable,54887
11/18/2015,Cable,58540
11/16/2015,Cable,58493
11/14/2015,Cable,56100
11/25/2015,Cable,59669
11/10/2015,Cable,59371
11/21/2015,Cable,58520
11/5/2015,Cable,60319
11/6/2015,Cable,54023
12/9/2015,Cable,57092
11/5/2015,Cable,58198
11/27/2015,Cable,59946
11/4/2015,Cable,54351
11/27/2015,Cable,59946
11/23/2015,Cable,54233
11/23/2015,Cable,54233
11/7/2015,Cable,55963
11/23/2015,Cable,56012
11/7/2015,Cable,56503
11/23/2015,Cable,56012
11/6/2015,Cable,59859
11/17/2015,Cable,55834
11/4/2015,Cable,59388
11/6/2015,Cable,58550
11/20/2015,Cable,54373
11/3/2015,Cable,56541
11/27/2015,Cable,54314
11/28/2015,Cable,57798
11/27/2015,Cable,54314
11/28/2015,Cable,57798
12/3/2015,Cable,57019
12/7/2015,Cable,57050
11/8/2015,Cable,54571
11/5/2015,Cable,60060
11/4/2015,Cable,57220
11/28/2015,Cable,57077
11/28/2015,Cable,57077
11/12/2015,Cable,63911
11/25/2015,Cable,66146
11/25/2015,Cable,66146
11/25/2015,Cable,65274
11/25/2015,Cable,65274
11/5/2015,Broadcast,63377
11/22/2015,Cable,62992
11/22/2015,Cable,62992
11/4/2015,Cable,60393
11/7/2015,Cable,61934
12/8/2015,Cable,64039
11/18/2015,Cable,60959
11/5/2015,Cable,66265
11/23/2015,Cable,65320
11/13/2015,Cable,63661
12/9/2015,Cable,63120
11/9/2015,Cable,65739
11/20/2015,Cable,62066
11/12/2015,Cable,60926
11/22/2015,Cable,62625
11/1/2015,Cable,60797
11/25/2015,Cable,64669
11/13/2015,Cable,62286
11/22/2015,Cable,63319
11/22/2015,Cable,63319
11/7/2015,Cable,63371
12/9/2015,Cable,60609
11/7/2015,Cable,61569
11/7/2015,Cable,61569
11/7/2015,Cable,60738
12/6/2015,Cable,62727
11/8/2015,Cable,64828
11/17/2015,Broadcast,66591
11/7/2015,Cable,60655
12/5/2015,Cable,63929
11/18/2015,Broadcast,61723
11/16/2015,Broadcast,60348
11/16/2015,Broadcast,60348
11/13/2015,Cable,65087
12/2/2015,Cable,63248
11/17/2015,Broadcast,61210
12/5/2015,Cable,62457
11/15/2015,Cable,60620
11/1/2015,Cable,60445
12/1/2015,Cable,63542
11/30/2015,Cable,66388
11/30/2015,Cable,66388
11/4/2015,Broadcast,61361
11/25/2015,Broadcast,61978
11/25/2015,Broadcast,61978
11/6/2015,Broadcast,60462
11/9/2015,Broadcast,66446
12/5/2015,Cable,61025
11/4/2015,Broadcast,64544
11/10/2015,Cable,64549
11/12/2015,Cable,60949
11/13/2015,Broadcast,62358
11/5/2015,Broadcast,60576
11/9/2015,Cable,63700
11/12/2015,Cable,61654
11/21/2015,Cable,62437
12/4/2015,Cable,63625
11/2/2015,Cable,60432
11/4/2015,Cable,60936
12/7/2015,Cable,65029
11/21/2015,Cable,64264
11/9/2015,Cable,65760
11/12/2015,Cable,63948
11/14/2015,Cable,62298
11/13/2015,Broadcast,64875
11/12/2015,Cable,61535
11/7/2015,Cable,65582
11/15/2015,Cable,61270
11/13/2015,Cable,64485
11/17/2015,Cable,65427
12/8/2015,Cable,62080
12/7/2015,Cable,60452
11/16/2015,Cable,63352
12/7/2015,Cable,66256
11/6/2015,Broadcast,65384
12/7/2015,Cable,60918
11/7/2015,Cable,65999
11/2/2015,Cable,63612
11/20/2015,Cable,65978
11/4/2015,Broadcast,65230
12/1/2015,Cable,62064
11/18/2015,Cable,65872
12/3/2015,Cable,60367
11/24/2015,Cable,64237
11/6/2015,Cable,62133
11/4/2015,Cable,62138
11/17/2015,Cable,66392
11/5/2015,Cable,66311
11/4/2015,Cable,66129
11/24/2015,Broadcast,63473
11/10/2015,Broadcast,65409
12/9/2015,Cable,63776
11/3/2015,Cable,65177
12/10/2015,Cable,66529
11/10/2015,Broadcast,61922
11/20/2015,Cable,65141
11/6/2015,Cable,64176
11/10/2015,Cable,60973
11/10/2015,Cable,60973
11/14/2015,Cable,64501
12/9/2015,Cable,64343
12/1/2015,Cable,62153
11/26/2015,Cable,61458
11/7/2015,Cable,62116
11/16/2015,Cable,65658
11/14/2015,Cable,64107
11/19/2015,Cable,64001
11/11/2015,Cable,61258
11/4/2015,Cable,60387
11/9/2015,Cable,61592
11/22/2015,Cable,66581
11/22/2015,Cable,66581
11/21/2015,Cable,65160
11/5/2015,Cable,61988
11/13/2015,Cable,64826
11/6/2015,Cable,64893
11/14/2015,Cable,61053
11/30/2015,Cable,61751
11/30/2015,Cable,61751
11/21/2015,Cable,62098
11/28/2015,Cable,64519
11/28/2015,Cable,64519
12/4/2015,Cable,61415
11/10/2015,Cable,64448
11/13/2015,Cable,62485
11/28/2015,Cable,65667
11/4/2015,Cable,64710
11/18/2015,Broadcast,71944
11/4/2015,Broadcast,71212
11/9/2015,Cable,66811
11/20/2015,Cable,69497
12/9/2015,Cable,69761
11/5/2015,Broadcast,71793
11/4/2015,Cable,71863
12/7/2015,Cable,70101
11/4/2015,Broadcast,70280
11/26/2015,Broadcast,72512
11/13/2015,Cable,70041
11/18/2015,Cable,72792
11/22/2015,Cable,66778
11/22/2015,Cable,66778
11/11/2015,Broadcast,66742
11/24/2015,Cable,67733
12/8/2015,Cable,69717
11/24/2015,Cable,67733
12/1/2015,Cable,70619
11/15/2015,Cable,70487
11/20/2015,Cable,70321
12/8/2015,Cable,69995
12/10/2015,Cable,67719
11/22/2015,Cable,68697
11/16/2015,Cable,69611
11/14/2015,Cable,67295
11/6/2015,Cable,70559
11/6/2015,Cable,70559
11/20/2015,Cable,68357
11/30/2015,Cable,71035
11/30/2015,Cable,71035
12/2/2015,Cable,72901
11/11/2015,Cable,71022
11/27/2015,Cable,67737
11/20/2015,Cable,70714
11/28/2015,Cable,67065
11/28/2015,Cable,67065
11/6/2015,Broadcast,70018
11/17/2015,Broadcast,69057
11/3/2015,Cable,72717
12/7/2015,Cable,69518
11/3/2015,Cable,71779
11/11/2015,Broadcast,67273
11/11/2015,Broadcast,67273
11/26/2015,Broadcast,67235
11/26/2015,Broadcast,67235
11/18/2015,Broadcast,72228
11/26/2015,Broadcast,67235
11/26/2015,Broadcast,67235
11/17/2015,Cable,72744
11/27/2015,Broadcast,72709
11/27/2015,Broadcast,72709
12/10/2015,Cable,70498
11/8/2015,Cable,68254
11/20/2015,Broadcast,68465
11/3/2015,Cable,69805
11/9/2015,Cable,69815
12/3/2015,Broadcast,68882
11/5/2015,Broadcast,72271
11/28/2015,Cable,66783
11/10/2015,Cable,71333
11/28/2015,Cable,66783
11/7/2015,Cable,69513
11/7/2015,Cable,67750
11/4/2015,Cable,68350
11/4/2015,Cable,71221
11/10/2015,Cable,71294
11/9/2015,Cable,70369
12/5/2015,Cable,69482
12/2/2015,Cable,69582
12/3/2015,Cable,72056
11/12/2015,Cable,70508
11/18/2015,Broadcast,66868
11/11/2015,Cable,67989
11/6/2015,Broadcast,68248
11/4/2015,Broadcast,68274
11/10/2015,Cable,67435
11/17/2015,Cable,66976
12/2/2015,Cable,71538
12/1/2015,Cable,69060
11/9/2015,Broadcast,70459
11/4/2015,Cable,67231
11/7/2015,Cable,69148
11/9/2015,Cable,68941
11/14/2015,Cable,71345
12/8/2015,Cable,70765
11/14/2015,Cable,69409
11/11/2015,Cable,69373
11/9/2015,Cable,72872
11/5/2015,Cable,68843
11/8/2015,Cable,68374
11/4/2015,Cable,68712
11/11/2015,Cable,68900
12/9/2015,Cable,72931
12/9/2015,Cable,67839
12/3/2015,Cable,66814
11/7/2015,Cable,70455
11/10/2015,Cable,66845
11/20/2015,Cable,68295
11/30/2015,Cable,68489
11/26/2015,Cable,68187
12/7/2015,Cable,71579
12/1/2015,Cable,72479
11/5/2015,Cable,70744
11/28/2015,Cable,71863
11/28/2015,Cable,71863
12/5/2015,Cable,68091
11/12/2015,Cable,70424
11/2/2015,Cable,70182
11/17/2015,Cable,72453
11/14/2015,Cable,68007
11/7/2015,Cable,68395
11/30/2015,Cable,71605
11/14/2015,Cable,71538
11/30/2015,Cable,71605
11/6/2015,Cable,71801
11/4/2015,Cable,72729
11/4/2015,Cable,70445
12/10/2015,Cable,73014
11/5/2015,Cable,70192
11/19/2015,Cable,68134
11/30/2015,Cable,71886
11/30/2015,Cable,71886
11/7/2015,Cable,72458
11/16/2015,Cable,70268
12/10/2015,Cable,67126
11/21/2015,Cable,70204
11/6/2015,Cable,72003
11/7/2015,Cable,70654
11/9/2015,Cable,71028
11/7/2015,Cable,71657
11/12/2015,Cable,72505
11/21/2015,Cable,70735
11/13/2015,Cable,70588
12/1/2015,Cable,68307
11/26/2015,Cable,71223
11/8/2015,Cable,68366
11/26/2015,Cable,71223
11/14/2015,Cable,67745
11/13/2015,Cable,68663
11/5/2015,Cable,68169
11/16/2015,Broadcast,71037
11/2/2015,Cable,71135
11/13/2015,Cable,69591
11/28/2015,Cable,72581
11/14/2015,Cable,67851
11/10/2015,Cable,71449
11/21/2015,Cable,74136
11/10/2015,Cable,73310
11/4/2015,Cable,75703
11/6/2015,Broadcast,75850
11/6/2015,Cable,73341
12/5/2015,Cable,78235
12/2/2015,Cable,77009
11/6/2015,Broadcast,75850
11/8/2015,Cable,79095
11/30/2015,Cable,78337
12/4/2015,Cable,74520
11/20/2015,Cable,74380
11/10/2015,Cable,74056
11/28/2015,Cable,73856
11/28/2015,Cable,73856
11/12/2015,Cable,76471
11/8/2015,Cable,76651
11/9/2015,Cable,77434
12/9/2015,Cable,73275
12/7/2015,Cable,75244
11/9/2015,Cable,76500
11/20/2015,Cable,73632
11/11/2015,Cable,73866
11/22/2015,Cable,73214
12/1/2015,Cable,74756
11/21/2015,Cable,76532
11/7/2015,Cable,77330
11/3/2015,Cable,77499
11/16/2015,Broadcast,77269
11/10/2015,Cable,76495
11/4/2015,Broadcast,74956
11/14/2015,Cable,74209
11/6/2015,Broadcast,74296
11/17/2015,Broadcast,73659
11/9/2015,Broadcast,79475
11/9/2015,Broadcast,79475
11/6/2015,Broadcast,77170
11/23/2015,Broadcast,78215
11/23/2015,Broadcast,78215
11/3/2015,Cable,73519
11/14/2015,Cable,76625
11/24/2015,Broadcast,77953
11/24/2015,Broadcast,77953
11/5/2015,Broadcast,76098
11/19/2015,Broadcast,77850
12/5/2015,Cable,73994
11/7/2015,Cable,77151
11/15/2015,Cable,76423
11/23/2015,Cable,75458
11/23/2015,Cable,75458
11/6/2015,Cable,75396
11/16/2015,Cable,74528
11/17/2015,Cable,76464
11/14/2015,Cable,77221
11/21/2015,Cable,78151
11/8/2015,Cable,76487
11/11/2015,Cable,75243
11/4/2015,Broadcast,73348
11/3/2015,Cable,73955
11/12/2015,Cable,75259
11/14/2015,Cable,76412
11/20/2015,Broadcast,74410
12/2/2015,Cable,75446
11/6/2015,Cable,73309
12/2/2015,Cable,75049
11/28/2015,Cable,77148
11/28/2015,Cable,77148
11/23/2015,Cable,76437
11/23/2015,Cable,76437
12/5/2015,Cable,75551
11/7/2015,Cable,78903
11/16/2015,Broadcast,75207
11/11/2015,Cable,79466
11/5/2015,Cable,74211
11/12/2015,Cable,75422
11/2/2015,Cable,75390
11/5/2015,Cable,77222
11/5/2015,Cable,77547
11/5/2015,Cable,76082
11/2/2015,Cable,75648
11/6/2015,Cable,75384
11/9/2015,Cable,76786
12/3/2015,Cable,75377
11/4/2015,Cable,78319
12/9/2015,Cable,79207
11/6/2015,Cable,77528
11/13/2015,Cable,79368
11/6/2015,Broadcast,74601
12/1/2015,Cable,79076
11/5/2015,Cable,75446
11/13/2015,Cable,74003
11/10/2015,Cable,77401
11/5/2015,Cable,78448
12/1/2015,Cable,74961
11/5/2015,Cable,77398
11/14/2015,Cable,73254
11/9/2015,Cable,79086
11/10/2015,Cable,75270
11/4/2015,Cable,74942
12/3/2015,Cable,74984
11/21/2015,Cable,77923
12/10/2015,Cable,78678
11/14/2015,Cable,76795
11/30/2015,Cable,76672
11/30/2015,Cable,76672
11/24/2015,Cable,76382
11/24/2015,Cable,76382
12/10/2015,Cable,79104
11/10/2015,Cable,77434
11/26/2015,Cable,78457
11/26/2015,Broadcast,76542
11/7/2015,Cable,74432
11/12/2015,Cable,74665
11/11/2015,Cable,79090
12/1/2015,Cable,77503
11/30/2015,Cable,73339
11/30/2015,Cable,73339
11/16/2015,Cable,74787
11/24/2015,Cable,75700
11/24/2015,Cable,75700
11/14/2015,Cable,76286
11/28/2015,Cable,76563
11/28/2015,Cable,76563
12/3/2015,Cable,74479
11/9/2015,Cable,74932
11/15/2015,Cable,76298
11/21/2015,Cable,78848
11/23/2015,Cable,73156
11/23/2015,Cable,73156
11/11/2015,Cable,74256
11/9/2015,Cable,77532
11/3/2015,Cable,77028
11/4/2015,Cable,73782
12/10/2015,Cable,74672
11/6/2015,Broadcast,74689
11/30/2015,Cable,77931
11/30/2015,Cable,77931
12/4/2015,Cable,73421
11/6/2015,Cable,78719
11/30/2015,Cable,76646
11/4/2015,Cable,74297
12/10/2015,Cable,75935
11/30/2015,Cable,76646
12/2/2015,Cable,78140
11/20/2015,Cable,76531
11/4/2015,Cable,76666
11/2/2015,Cable,78621
11/24/2015,Broadcast,80159
11/2/2015,Cable,82512
11/2/2015,Cable,80838
11/20/2015,Cable,79953
11/5/2015,Cable,81201
11/16/2015,Cable,84611
11/26/2015,Cable,82192
11/26/2015,Cable,82192
11/8/2015,Cable,82256
12/7/2015,Cable,79894
12/7/2015,Cable,84373
11/8/2015,Cable,85529
11/12/2015,Cable,81396
11/1/2015,Cable,85646
11/7/2015,Cable,81129
11/27/2015,Cable,84507
11/27/2015,Cable,84507
12/9/2015,Cable,80072
11/30/2015,Cable,79667
11/30/2015,Cable,79667
11/6/2015,Cable,79646
11/30/2015,Cable,84802
11/30/2015,Cable,84802
11/6/2015,Cable,83187
11/28/2015,Cable,80711
11/28/2015,Cable,84542
11/10/2015,Cable,85234
11/28/2015,Cable,80997
11/16/2015,Broadcast,81417
11/6/2015,Broadcast,82445
11/5/2015,Broadcast,82735
11/17/2015,Broadcast,83930
11/17/2015,Broadcast,83930
11/9/2015,Cable,81105
11/10/2015,Cable,84421
11/18/2015,Broadcast,85811
11/18/2015,Broadcast,85811
11/21/2015,Cable,80036
11/14/2015,Cable,81905
12/8/2015,Cable,80839
11/6/2015,Cable,85812
11/23/2015,Broadcast,84478
11/4/2015,Cable,79841
11/13/2015,Cable,81126
11/28/2015,Cable,85583
11/23/2015,Broadcast,84478
11/28/2015,Cable,85583
11/14/2015,Cable,79560
11/4/2015,Cable,83320
11/24/2015,Broadcast,81204
12/8/2015,Cable,85193
11/4/2015,Broadcast,79821
11/15/2015,Cable,84044
11/4/2015,Cable,83523
11/5/2015,Cable,81872
11/28/2015,Cable,81749
11/28/2015,Cable,81749
11/4/2015,Cable,85111
11/4/2015,Cable,83914
12/9/2015,Cable,83131
11/14/2015,Cable,83311
11/21/2015,Cable,83484
11/20/2015,Cable,84685
11/19/2015,Broadcast,84078
11/6/2015,Cable,83404
11/9/2015,Broadcast,79881
11/17/2015,Cable,82822
12/10/2015,Cable,81932
12/9/2015,Cable,85095
11/4/2015,Cable,83715
12/9/2015,Cable,81422
11/13/2015,Cable,79715
11/20/2015,Broadcast,80600
11/11/2015,Cable,85197
11/17/2015,Cable,79992
11/9/2015,Cable,84346
11/15/2015,Broadcast,83910
11/13/2015,Cable,84389
11/23/2015,Cable,85279
11/23/2015,Cable,85279
11/5/2015,Cable,80376
11/6/2015,Cable,84232
11/11/2015,Cable,80221
11/11/2015,Cable,83524
11/12/2015,Cable,83952
12/1/2015,Cable,79520
12/7/2015,Cable,83147
12/10/2015,Cable,80973
11/10/2015,Cable,85670
11/9/2015,Cable,81057
11/21/2015,Broadcast,84183
11/21/2015,Cable,85297
11/3/2015,Cable,81894
11/16/2015,Cable,83284
11/10/2015,Cable,85786
11/11/2015,Cable,84773
12/7/2015,Cable,85812
11/15/2015,Cable,81711
11/5/2015,Cable,83340
11/4/2015,Cable,80289
11/21/2015,Cable,81086
11/7/2015,Cable,82904
12/3/2015,Broadcast,85857
11/19/2015,Cable,83227
12/2/2015,Cable,83170
11/4/2015,Cable,85492
11/28/2015,Cable,84155
11/28/2015,Cable,84155
12/2/2015,Cable,81358
11/12/2015,Cable,80025
12/10/2015,Cable,82469
11/22/2015,Cable,85635
12/1/2015,Cable,83415
11/10/2015,Cable,81213
11/27/2015,Cable,82285
11/27/2015,Cable,85739
11/7/2015,Cable,84106
11/6/2015,Cable,82462
11/20/2015,Cable,80355
11/10/2015,Broadcast,82673
12/2/2015,Cable,81298
11/4/2015,Cable,85695
12/3/2015,Cable,84951
11/13/2015,Cable,82940
11/7/2015,Cable,79555
11/6/2015,Cable,83929
11/8/2015,Cable,84327
11/25/2015,Cable,84953
11/11/2015,Cable,82699
11/23/2015,Cable,82759
11/25/2015,Cable,84953
11/23/2015,Cable,82759
11/26/2015,Cable,80171
11/27/2015,Cable,82558
11/21/2015,Cable,81623
11/17/2015,Cable,85471
11/13/2015,Cable,80489
11/4/2015,Cable,85830
11/9/2015,Cable,83275
11/12/2015,Cable,81307
11/1/2015,Cable,82664
11/8/2015,Cable,80053
11/26/2015,Cable,80484
11/21/2015,Cable,84173
12/9/2015,Cable,83586
12/7/2015,Cable,91545
11/20/2015,Cable,90046
11/5/2015,Cable,88661
11/15/2015,Broadcast,90834
11/25/2015,Cable,89563
11/25/2015,Cable,89563
11/17/2015,Cable,91474
11/30/2015,Cable,86354
11/20/2015,Cable,89244
12/7/2015,Cable,90782
11/29/2015,Broadcast,91086
12/3/2015,Cable,88988
11/21/2015,Cable,86595
11/30/2015,Cable,90001
11/27/2015,Cable,90486
11/30/2015,Cable,90001
11/16/2015,Cable,88956
11/14/2015,Cable,87374
11/29/2015,Cable,90957
11/29/2015,Cable,90957
11/26/2015,Cable,87034
12/6/2015,Cable,90513
11/23/2015,Cable,89695
12/3/2015,Cable,90145
12/5/2015,Cable,87677
11/3/2015,Cable,87202
11/14/2015,Cable,90797
11/27/2015,Cable,88355
11/6/2015,Cable,88489
11/21/2015,Cable,87639
11/11/2015,Cable,89123
11/21/2015,Cable,90170
11/7/2015,Cable,87186
11/9/2015,Cable,92002
11/7/2015,Cable,85872
11/29/2015,Cable,89999
11/29/2015,Cable,90682
11/23/2015,Cable,89265
11/4/2015,Cable,90874
11/29/2015,Cable,90871
11/29/2015,Cable,90871
11/7/2015,Cable,87932
12/10/2015,Cable,90614
12/7/2015,Cable,86253
11/16/2015,Broadcast,90829
11/20/2015,Cable,89096
11/5/2015,Cable,90399
11/10/2015,Cable,87583
11/18/2015,Cable,89178
11/21/2015,Cable,92018
11/15/2015,Cable,87266
11/5/2015,Cable,86599
11/4/2015,Broadcast,86363
12/8/2015,Cable,86582
12/5/2015,Cable,88521
12/9/2015,Cable,85891
11/6/2015,Broadcast,86041
11/28/2015,Cable,91365
11/16/2015,Cable,87644
11/28/2015,Cable,88802
11/28/2015,Cable,88802
11/10/2015,Cable,90338
11/27/2015,Cable,89378
12/8/2015,Cable,87182
11/14/2015,Cable,89623
11/20/2015,Cable,90258
11/13/2015,Cable,87436
11/26/2015,Cable,91612
11/12/2015,Cable,92027
11/28/2015,Cable,87224
12/9/2015,Cable,91363
11/28/2015,Broadcast,89016
11/28/2015,Cable,87224
11/12/2015,Cable,87425
11/19/2015,Cable,87388
12/2/2015,Cable,89498
11/21/2015,Cable,91415
12/7/2015,Cable,89711
12/7/2015,Cable,89320
12/2/2015,Cable,90902
11/19/2015,Broadcast,90627
11/19/2015,Cable,87996
12/7/2015,Cable,90091
12/2/2015,Cable,86464
12/4/2015,Cable,91335
11/10/2015,Cable,86919
11/4/2015,Cable,90301
12/5/2015,Cable,90295
11/9/2015,Cable,86934
11/19/2015,Broadcast,90084
11/5/2015,Cable,87003
11/22/2015,Cable,89188
11/5/2015,Cable,88669
11/5/2015,Cable,86652
11/30/2015,Cable,88332
11/30/2015,Cable,88332
11/30/2015,Cable,88332
11/30/2015,Cable,86088
11/6/2015,Broadcast,88005
12/1/2015,Cable,86093
11/30/2015,Cable,86088
11/30/2015,Cable,86088
11/21/2015,Cable,86055
11/27/2015,Cable,88308
11/27/2015,Cable,88308
11/6/2015,Cable,86714
11/14/2015,Cable,87464
11/14/2015,Cable,88398
12/4/2015,Cable,87824
12/5/2015,Cable,86615
11/9/2015,Broadcast,88090
11/21/2015,Cable,88765
11/14/2015,Cable,86950
11/4/2015,Broadcast,88958
11/6/2015,Cable,90125
11/4/2015,Cable,90157
11/14/2015,Cable,86118
11/28/2015,Cable,91754
11/28/2015,Cable,87182
12/4/2015,Cable,86072
12/7/2015,Cable,88791
11/25/2015,Cable,88363
11/25/2015,Cable,88363
11/18/2015,Cable,91031
11/27/2015,Cable,88915
11/27/2015,Cable,88915
11/9/2015,Cable,87820
11/26/2015,Cable,92052
11/26/2015,Cable,92052
11/26/2015,Cable,88744
11/9/2015,Cable,90168
11/26/2015,Cable,88744
11/6/2015,Cable,89743
11/13/2015,Cable,87209
12/10/2015,Cable,89383
11/27/2015,Cable,90945
11/27/2015,Cable,90945
11/9/2015,Broadcast,90434
11/27/2015,Cable,88249
11/27/2015,Cable,88249
11/12/2015,Cable,85968
11/21/2015,Cable,88776
11/14/2015,Cable,91460
11/9/2015,Cable,90026
11/11/2015,Cable,91424
11/4/2015,Cable,89091
11/10/2015,Cable,97954
11/16/2015,Cable,92967
11/7/2015,Cable,94243
11/21/2015,Cable,92994
11/20/2015,Cable,94381
11/5/2015,Broadcast,98422
11/30/2015,Cable,97714
11/30/2015,Cable,97714
11/21/2015,Cable,97452
11/28/2015,Cable,92532
11/16/2015,Cable,93920
11/17/2015,Cable,96980
11/23/2015,Cable,92533
11/4/2015,Broadcast,93860
11/30/2015,Cable,92772
11/30/2015,Cable,92772
11/27/2015,Cable,97289
11/17/2015,Cable,96262
11/14/2015,Cable,94390
11/2/2015,Cable,92616
11/3/2015,Cable,97248
11/17/2015,Cable,93312
12/6/2015,Cable,97405
11/13/2015,Cable,96880
12/6/2015,Cable,94323
11/11/2015,Cable,97148
11/7/2015,Cable,93813
12/3/2015,Cable,96315
11/7/2015,Cable,95454
11/4/2015,Cable,95959
11/14/2015,Cable,98183
11/28/2015,Cable,96773
11/28/2015,Cable,92883
11/28/2015,Cable,92883
11/28/2015,Cable,93283
11/28/2015,Cable,93283
11/6/2015,Broadcast,97750
11/23/2015,Broadcast,97526
11/23/2015,Broadcast,97526
11/28/2015,Cable,98043
11/28/2015,Cable,98043
11/12/2015,Cable,93239
11/4/2015,Cable,92461
11/7/2015,Cable,92934
12/1/2015,Cable,96896
11/30/2015,Broadcast,95241
11/30/2015,Broadcast,95241
11/25/2015,Broadcast,93879
12/7/2015,Cable,97490
11/8/2015,Broadcast,98194
11/22/2015,Cable,93693
11/27/2015,Broadcast,98257
11/23/2015,Cable,97132
11/23/2015,Cable,97132
11/9/2015,Cable,92736
11/13/2015,Cable,96499
12/1/2015,Cable,92328
12/2/2015,Cable,96539
11/10/2015,Cable,92906
11/9/2015,Cable,92309
11/11/2015,Broadcast,93015
11/27/2015,Cable,96625
11/27/2015,Cable,96625
11/10/2015,Cable,98483
11/12/2015,Cable,93141
11/26/2015,Broadcast,92938
11/26/2015,Broadcast,92938
12/2/2015,Cable,97825
11/10/2015,Cable,98182
11/8/2015,Broadcast,97140
12/5/2015,Cable,97241
11/25/2015,Cable,96734
12/5/2015,Cable,96733
12/5/2015,Cable,97274
11/11/2015,Cable,95054
12/3/2015,Cable,96472
11/22/2015,Cable,93304
12/9/2015,Cable,95454
12/8/2015,Cable,98116
11/13/2015,Broadcast,97719
12/5/2015,Cable,96156
11/16/2015,Cable,94251
12/10/2015,Cable,94575
12/10/2015,Cable,93237
11/12/2015,Cable,97512
12/4/2015,Cable,98043
11/20/2015,Cable,93884
11/23/2015,Cable,95066
11/23/2015,Cable,95066
11/4/2015,Cable,97261
11/7/2015,Cable,97400
11/24/2015,Cable,92608
11/25/2015,Cable,92489
11/24/2015,Cable,92608
11/25/2015,Cable,92489
11/13/2015,Cable,96966
12/10/2015,Broadcast,95409
11/15/2015,Cable,92436
11/4/2015,Cable,97309
11/6/2015,Cable,93521
11/1/2015,Cable,94820
11/25/2015,Cable,96110
11/25/2015,Cable,96110
11/8/2015,Cable,93763
11/15/2015,Cable,93915
11/6/2015,Cable,95968
11/30/2015,Cable,93182
11/12/2015,Cable,92310
11/1/2015,Cable,96265
11/28/2015,Cable,93688
11/15/2015,Cable,97003
11/28/2015,Cable,93688
11/5/2015,Cable,96425
12/5/2015,Cable,97421
11/8/2015,Cable,96138
11/17/2015,Cable,94429
11/12/2015,Cable,95683
12/3/2015,Cable,98439
11/12/2015,Cable,93435
11/6/2015,Cable,95142
11/14/2015,Cable,95281
11/9/2015,Cable,97978
11/13/2015,Cable,93960
11/20/2015,Cable,97212
11/13/2015,Cable,95572
11/5/2015,Cable,93773
11/28/2015,Cable,98048
11/20/2015,Cable,96856
11/26/2015,Cable,93909
11/26/2015,Cable,93909
11/28/2015,Cable,95319
11/28/2015,Cable,95319
11/26/2015,Cable,95979
11/4/2015,Cable,98515
11/26/2015,Cable,97656
11/20/2015,Cable,94591
11/22/2015,Cable,96768
11/22/2015,Cable,96768
12/1/2015,Cable,94630
11/20/2015,Cable,96393
11/25/2015,Cable,92711
11/25/2015,Cable,92711
12/1/2015,Cable,93456
11/24/2015,Cable,97699
11/24/2015,Cable,97699
12/4/2015,Cable,95850
11/30/2015,Cable,93574
11/30/2015,Cable,93574
11/6/2015,Cable,94761
11/5/2015,Cable,96971
11/28/2015,Cable,104045
11/28/2015,Cable,104045
11/9/2015,Cable,102589
11/30/2015,Cable,102544
11/14/2015,Cable,99967
11/21/2015,Cable,102706
11/10/2015,Cable,99017
11/29/2015,Cable,102703
11/27/2015,Cable,100031
11/27/2015,Cable,100031
11/28/2015,Cable,101541
11/28/2015,Cable,101541
11/30/2015,Cable,102820
11/3/2015,Cable,100979
11/7/2015,Cable,101740
11/28/2015,Cable,100268
11/28/2015,Cable,100268
11/4/2015,Broadcast,100066
11/11/2015,Cable,103137
11/7/2015,Cable,100330
11/14/2015,Cable,102665
11/25/2015,Cable,102133
11/4/2015,Broadcast,104614
11/25/2015,Cable,99626
11/16/2015,Broadcast,98975
11/4/2015,Broadcast,102005
12/6/2015,Cable,98886
11/10/2015,Broadcast,102649
11/18/2015,Broadcast,100994
12/1/2015,Cable,105006
11/9/2015,Broadcast,103203
11/7/2015,Cable,101335
11/13/2015,Cable,104484
11/7/2015,Cable,99904
11/30/2015,Broadcast,103047
12/7/2015,Cable,102735
11/30/2015,Broadcast,104589
11/25/2015,Broadcast,103568
12/7/2015,Cable,102193
11/11/2015,Cable,104115
11/7/2015,Cable,103886
11/5/2015,Cable,99076
11/4/2015,Cable,99403
11/27/2015,Cable,100256
11/18/2015,Broadcast,99018
12/4/2015,Cable,104351
11/27/2015,Cable,100256
12/8/2015,Cable,101094
11/16/2015,Cable,100915
11/28/2015,Cable,99520
11/23/2015,Cable,104498
11/23/2015,Cable,104498
12/7/2015,Cable,99066
11/28/2015,Cable,99520
11/27/2015,Cable,100148
11/6/2015,Cable,102458
11/4/2015,Cable,103981
11/7/2015,Cable,99615
11/17/2015,Cable,103196
11/22/2015,Broadcast,103741
11/12/2015,Broadcast,103775
11/27/2015,Cable,100417
12/2/2015,Cable,104559
11/27/2015,Cable,100417
11/6/2015,Cable,100517
11/11/2015,Broadcast,99375
11/13/2015,Cable,103703
12/5/2015,Cable,100553
11/7/2015,Cable,103321
11/18/2015,Cable,102942
11/4/2015,Cable,102944
11/12/2015,Cable,103004
11/25/2015,Cable,104203
11/4/2015,Cable,101898
12/10/2015,Cable,103415
11/20/2015,Cable,102407
11/20/2015,Cable,103716
11/21/2015,Cable,102489
12/4/2015,Cable,101273
11/7/2015,Cable,104995
12/3/2015,Cable,99964
11/18/2015,Cable,103563
11/2/2015,Cable,104375
11/10/2015,Cable,104959
11/15/2015,Cable,105008
11/13/2015,Cable,101932
11/23/2015,Cable,103594
11/23/2015,Cable,103594
11/7/2015,Cable,102094
11/17/2015,Cable,101521
11/20/2015,Cable,103424
11/11/2015,Cable,102457
11/3/2015,Cable,103093
12/7/2015,Cable,101989
11/13/2015,Cable,104316
11/20/2015,Cable,104621
11/22/2015,Cable,100557
11/22/2015,Cable,100557
11/11/2015,Cable,102944
12/3/2015,Cable,98937
11/20/2015,Cable,103728
11/4/2015,Cable,103594
11/21/2015,Cable,99966
12/7/2015,Cable,99763
11/13/2015,Cable,98843
11/26/2015,Cable,104386
11/11/2015,Cable,102017
11/26/2015,Cable,99963
11/14/2015,Cable,99000
11/6/2015,Cable,102905
11/26/2015,Cable,99963
12/5/2015,Cable,103262
11/28/2015,Cable,101792
11/28/2015,Cable,101792
11/13/2015,Cable,102230
11/20/2015,Cable,101470
11/10/2015,Cable,99114
12/4/2015,Cable,100443
11/21/2015,Cable,99008
11/4/2015,Cable,103777
11/14/2015,Cable,101204
11/28/2015,Cable,101609
11/28/2015,Cable,101609
11/10/2015,Cable,104300
11/26/2015,Cable,103261
11/26/2015,Cable,103261
11/26/2015,Cable,101484
12/2/2015,Cable,104120
11/4/2015,Cable,101988
11/27/2015,Cable,104664
11/20/2015,Cable,103973
11/21/2015,Cable,103601
11/15/2015,Broadcast,102077
11/27/2015,Cable,104664
11/17/2015,Cable,107011
11/17/2015,Cable,110931
12/9/2015,Cable,107875
11/14/2015,Cable,106462
11/5/2015,Broadcast,105687
12/10/2015,Cable,106081
11/15/2015,Cable,107424
11/15/2015,Broadcast,107332
12/6/2015,Cable,109573
11/20/2015,Broadcast,109275
11/10/2015,Cable,110223
12/1/2015,Cable,108371
11/20/2015,Cable,107537
11/30/2015,Cable,106767
11/30/2015,Cable,106767
11/7/2015,Cable,110648
11/10/2015,Cable,110911
11/9/2015,Cable,109391
11/28/2015,Cable,111289
11/28/2015,Cable,111289
11/23/2015,Broadcast,109133
11/23/2015,Broadcast,109133
11/11/2015,Cable,105075
11/16/2015,Cable,110508
11/18/2015,Cable,107321
11/11/2015,Cable,107547
11/16/2015,Cable,109906
11/17/2015,Broadcast,107287
12/5/2015,Cable,105098
11/28/2015,Cable,105614
11/13/2015,Cable,105343
11/28/2015,Cable,105614
11/5/2015,Cable,107981
11/4/2015,Cable,106886
11/12/2015,Broadcast,108583
12/2/2015,Cable,111148
11/29/2015,Broadcast,108499
11/29/2015,Broadcast,108499
11/7/2015,Cable,110908
11/28/2015,Cable,105160
11/28/2015,Cable,105160
11/9/2015,Cable,110088
11/9/2015,Cable,109147
11/20/2015,Broadcast,110594
12/5/2015,Cable,105186
11/4/2015,Cable,105746
11/20/2015,Cable,110910
11/18/2015,Broadcast,108134
11/17/2015,Broadcast,106823
11/28/2015,Cable,109851
11/25/2015,Broadcast,110482
11/25/2015,Broadcast,110482
11/5/2015,Cable,111034
12/5/2015,Cable,106524
11/23/2015,Cable,105735
11/8/2015,Cable,105047
11/30/2015,Cable,106868
11/4/2015,Cable,108598
11/20/2015,Broadcast,111246
11/20/2015,Cable,105924
11/19/2015,Cable,111336
11/17/2015,Cable,109233
11/20/2015,Cable,108801
11/28/2015,Cable,109751
12/1/2015,Cable,105071
11/28/2015,Cable,109751
11/17/2015,Cable,107707
11/5/2015,Cable,107343
11/26/2015,Broadcast,105344
11/20/2015,Cable,105796
12/1/2015,Cable,108106
12/8/2015,Cable,110300
11/6/2015,Broadcast,109233
12/9/2015,Cable,105875
11/12/2015,Cable,108651
11/30/2015,Cable,106886
11/30/2015,Cable,106886
11/4/2015,Cable,111241
11/12/2015,Cable,105840
11/2/2015,Cable,106276
11/6/2015,Cable,105351
11/10/2015,Cable,111004
11/10/2015,Cable,109875
11/23/2015,Cable,105866
11/23/2015,Cable,105866
11/4/2015,Cable,109135
11/5/2015,Cable,107494
11/14/2015,Cable,108200
11/10/2015,Cable,110571
11/16/2015,Broadcast,105057
12/7/2015,Cable,110889
11/23/2015,Cable,110654
11/23/2015,Cable,110654
12/5/2015,Cable,110746
11/7/2015,Cable,111187
12/4/2015,Cable,109573
12/4/2015,Cable,111039
11/10/2015,Cable,108854
12/9/2015,Cable,105523
11/2/2015,Cable,111170
11/27/2015,Cable,110401
11/27/2015,Cable,110401
11/12/2015,Cable,107851
11/12/2015,Cable,107851
11/18/2015,Cable,109256
12/9/2015,Cable,106943
12/4/2015,Cable,108696
11/26/2015,Cable,108824
11/21/2015,Cable,108698
11/23/2015,Cable,108366
11/26/2015,Cable,107097
11/28/2015,Cable,109758
11/23/2015,Cable,108366
11/6/2015,Cable,111378
12/2/2015,Cable,110075
11/22/2015,Cable,109945
11/22/2015,Cable,109945
11/27/2015,Cable,107802
11/27/2015,Cable,107802
12/2/2015,Cable,107563
11/11/2015,Cable,105349
12/7/2015,Cable,109317
12/2/2015,Cable,106661
12/5/2015,Cable,109772
11/17/2015,Cable,107181
11/21/2015,Cable,108276
11/16/2015,Cable,108591
11/6/2015,Cable,107838
11/27/2015,Cable,106512
12/9/2015,Cable,105576
11/20/2015,Cable,110393
11/7/2015,Cable,107364
11/10/2015,Broadcast,105133
12/10/2015,Cable,111227
11/23/2015,Cable,108900
11/21/2015,Cable,105704
11/13/2015,Cable,109683
12/7/2015,Cable,106823
11/28/2015,Cable,109458
12/5/2015,Cable,107518
12/10/2015,Cable,111190
11/23/2015,Cable,110811
11/23/2015,Cable,110811
12/9/2015,Cable,108866
12/8/2015,Cable,107717
11/17/2015,Cable,117433
12/9/2015,Cable,117419
11/13/2015,Cable,113110
11/7/2015,Cable,115608
11/14/2015,Cable,115206
11/27/2015,Cable,111629
11/27/2015,Cable,111629
11/29/2015,Broadcast,113487
11/29/2015,Broadcast,113487
11/21/2015,Cable,113538
11/26/2015,Cable,113821
11/6/2015,Cable,114199
11/6/2015,Cable,111877
11/8/2015,Cable,112347
12/1/2015,Broadcast,112670
11/27/2015,Cable,113903
11/27/2015,Cable,113903
12/8/2015,Cable,111649
12/7/2015,Cable,112434
12/9/2015,Cable,115686
11/6/2015,Broadcast,113630
12/9/2015,Cable,112637
11/11/2015,Cable,116693
12/3/2015,Cable,113036
11/26/2015,Cable,117205
11/23/2015,Cable,112652
11/9/2015,Cable,117370
11/28/2015,Cable,113212
11/28/2015,Cable,113212
11/10/2015,Broadcast,112360
12/6/2015,Cable,113695
11/21/2015,Cable,115607
11/7/2015,Cable,111844
11/11/2015,Broadcast,115330
11/12/2015,Broadcast,112828
11/7/2015,Cable,115115
11/14/2015,Cable,116919
11/14/2015,Cable,115290
11/17/2015,Cable,114622
11/13/2015,Cable,116377
11/28/2015,Cable,115828
11/28/2015,Cable,115828
11/10/2015,Cable,113779
11/17/2015,Cable,113120
11/21/2015,Cable,117746
11/14/2015,Cable,115174
11/6/2015,Cable,114332
11/14/2015,Cable,116404
11/15/2015,Broadcast,113568
11/14/2015,Cable,113583
11/30/2015,Broadcast,116341
11/19/2015,Cable,114814
11/24/2015,Cable,117532
11/24/2015,Cable,117532
11/28/2015,Cable,113785
11/30/2015,Cable,114957
12/3/2015,Broadcast,117020
11/9/2015,Cable,114758
12/1/2015,Cable,115196
11/10/2015,Cable,117589
12/2/2015,Cable,114399
11/13/2015,Cable,117655
12/2/2015,Cable,117738
11/16/2015,Cable,111906
11/20/2015,Broadcast,112517
12/5/2015,Cable,116548
11/30/2015,Cable,112433
11/30/2015,Cable,112433
11/17/2015,Cable,113291
11/10/2015,Cable,116056
11/4/2015,Cable,114461
11/4/2015,Cable,116096
11/17/2015,Cable,115135
12/7/2015,Cable,112845
11/19/2015,Cable,117599
11/30/2015,Cable,117141
11/30/2015,Cable,117141
11/30/2015,Cable,117428
11/9/2015,Cable,112990
11/7/2015,Cable,112455
12/3/2015,Cable,115355
12/4/2015,Cable,112758
12/7/2015,Cable,117195
11/16/2015,Cable,115125
11/13/2015,Broadcast,114902
11/17/2015,Cable,112976
12/6/2015,Cable,115904
11/13/2015,Cable,112474
11/20/2015,Cable,116347
11/10/2015,Cable,115321
11/20/2015,Cable,112730
11/12/2015,Cable,111658
11/13/2015,Cable,116824
11/18/2015,Cable,112806
11/24/2015,Cable,113844
11/17/2015,Cable,112490
11/14/2015,Cable,117724
11/24/2015,Cable,115818
11/24/2015,Cable,115818
11/17/2015,Cable,116270
11/10/2015,Cable,113838
11/27/2015,Cable,117577
11/27/2015,Cable,117577
11/10/2015,Cable,116275
11/3/2015,Cable,116082
11/30/2015,Cable,115118
12/4/2015,Cable,113777
11/30/2015,Cable,115118
11/24/2015,Cable,114096
11/10/2015,Cable,116711
12/1/2015,Cable,115212
12/5/2015,Cable,112542
12/8/2015,Cable,113141
11/10/2015,Cable,111609
11/3/2015,Cable,115796
11/7/2015,Cable,116053
11/9/2015,Cable,116655
12/4/2015,Cable,114148
11/30/2015,Broadcast,111888
11/30/2015,Broadcast,111888
11/13/2015,Cable,114575
11/7/2015,Cable,117459
11/11/2015,Cable,117565
11/28/2015,Cable,117127
11/28/2015,Cable,117127
11/6/2015,Cable,114874
12/1/2015,Cable,115756
11/11/2015,Cable,116158
11/25/2015,Cable,116151
12/4/2015,Cable,117169
12/5/2015,Cable,113265
11/2/2015,Cable,114014
12/2/2015,Cable,114514
11/9/2015,Cable,117161
11/8/2015,Cable,117398
11/16/2015,Cable,111464
11/15/2015,Cable,115130
11/6/2015,Cable,117406
11/3/2015,Cable,115551
12/9/2015,Cable,119966
11/16/2015,Broadcast,120510
11/16/2015,Broadcast,120510
11/26/2015,Cable,121276
11/9/2015,Cable,122030
11/29/2015,Cable,123667
11/20/2015,Cable,122878
11/10/2015,Cable,118974
11/1/2015,Cable,121558
12/10/2015,Cable,121144
11/6/2015,Cable,120657
11/11/2015,Cable,119874
12/4/2015,Cable,120332
11/28/2015,Cable,120289
11/28/2015,Cable,120289
12/4/2015,Cable,122241
11/2/2015,Cable,122649
11/28/2015,Cable,122484
11/14/2015,Cable,119453
11/28/2015,Cable,121775
11/28/2015,Cable,121775
11/11/2015,Cable,123771
11/18/2015,Cable,117996
11/8/2015,Cable,121520
11/9/2015,Cable,123728
12/5/2015,Cable,120985
11/8/2015,Cable,122403
11/21/2015,Cable,117831
11/16/2015,Cable,120931
11/23/2015,Broadcast,120209
11/23/2015,Broadcast,120209
11/13/2015,Cable,118959
11/23/2015,Cable,119501
11/23/2015,Cable,119501
11/18/2015,Cable,120801
11/11/2015,Cable,119506
11/8/2015,Cable,123978
11/5/2015,Broadcast,119993
12/4/2015,Broadcast,120470
11/21/2015,Cable,118446
11/24/2015,Cable,119100
11/22/2015,Cable,118195
11/24/2015,Cable,119100
11/22/2015,Cable,118195
11/15/2015,Cable,120417
11/28/2015,Cable,120087
11/28/2015,Cable,120087
11/5/2015,Broadcast,121758
11/21/2015,Cable,123102
11/23/2015,Cable,120103
11/23/2015,Cable,120103
11/5/2015,Cable,123714
11/15/2015,Cable,123848
11/21/2015,Cable,120382
12/5/2015,Cable,122887
11/12/2015,Cable,118951
11/9/2015,Cable,123542
11/16/2015,Cable,118261
11/12/2015,Broadcast,118736
11/5/2015,Cable,122296
11/24/2015,Cable,119715
11/24/2015,Cable,119715
12/5/2015,Cable,118101
11/16/2015,Cable,123027
12/5/2015,Cable,118101
12/3/2015,Cable,123801
11/19/2015,Cable,122248
11/19/2015,Broadcast,118343
11/24/2015,Cable,122359
11/24/2015,Cable,122359
12/5/2015,Cable,120215
12/8/2015,Cable,118929
12/10/2015,Cable,122495
11/4/2015,Cable,118214
11/20/2015,Cable,118581
11/13/2015,Cable,117814
11/2/2015,Cable,118769
11/4/2015,Cable,119690
11/26/2015,Cable,118197
11/20/2015,Cable,118279
11/7/2015,Cable,118478
11/1/2015,Cable,118490
11/20/2015,Cable,120420
11/5/2015,Cable,122249
11/24/2015,Cable,118641
11/24/2015,Cable,118641
11/25/2015,Cable,118691
11/25/2015,Cable,118691
12/5/2015,Cable,119012
11/27/2015,Cable,118006
11/7/2015,Cable,121022
11/27/2015,Cable,118006
11/16/2015,Cable,123597
12/2/2015,Cable,120270
11/12/2015,Cable,119122
11/11/2015,Cable,118054
11/7/2015,Cable,121173
11/6/2015,Broadcast,118030
12/7/2015,Cable,122172
11/6/2015,Cable,124137
11/9/2015,Cable,123225
11/5/2015,Cable,119527
11/11/2015,Cable,119605
11/11/2015,Cable,118125
11/21/2015,Cable,123711
11/16/2015,Cable,121204
12/7/2015,Cable,121739
11/18/2015,Cable,123780
11/5/2015,Cable,119199
11/28/2015,Cable,119949
11/28/2015,Cable,119949
12/2/2015,Cable,118629
11/27/2015,Cable,117798
11/27/2015,Cable,117798
11/23/2015,Cable,119160
11/5/2015,Cable,123364
11/21/2015,Cable,120413
11/4/2015,Cable,119409
11/17/2015,Cable,120517
11/14/2015,Cable,121309
11/8/2015,Cable,119081
11/5/2015,Broadcast,124114
12/9/2015,Cable,123113
11/6/2015,Cable,121072
11/3/2015,Cable,120420
11/30/2015,Cable,121602
11/30/2015,Cable,121602
11/27/2015,Cable,130397
11/27/2015,Cable,130397
11/15/2015,Cable,125988
11/10/2015,Cable,129815
11/7/2015,Cable,129236
11/27/2015,Broadcast,125940
11/16/2015,Cable,129181
12/1/2015,Cable,128752
11/27/2015,Broadcast,125940
11/13/2015,Cable,130322
11/23/2015,Cable,128144
11/20/2015,Cable,128809
11/15/2015,Cable,126150
11/27/2015,Broadcast,130242
11/27/2015,Broadcast,130242
11/9/2015,Broadcast,128739
11/27/2015,Cable,125893
11/20/2015,Cable,127523
11/17/2015,Cable,126643
11/13/2015,Cable,125274
11/11/2015,Broadcast,125972
11/23/2015,Cable,128966
11/13/2015,Cable,127244
11/23/2015,Cable,130393
12/5/2015,Cable,128918
11/24/2015,Cable,128238
11/13/2015,Cable,128636
11/24/2015,Cable,128238
11/12/2015,Cable,127718
11/30/2015,Broadcast,125859
11/5/2015,Cable,130549
11/7/2015,Cable,130486
11/16/2015,Cable,129087
12/2/2015,Cable,127697
11/14/2015,Cable,129699
11/28/2015,Cable,126810
11/28/2015,Cable,126810
11/23/2015,Cable,126813
11/2/2015,Cable,125159
11/21/2015,Cable,128429
11/8/2015,Cable,128540
11/4/2015,Broadcast,128927
12/8/2015,Cable,129743
11/9/2015,Cable,126273
11/14/2015,Cable,129915
11/23/2015,Cable,125397
11/23/2015,Cable,125397
11/29/2015,Cable,128795
11/12/2015,Cable,127939
11/29/2015,Cable,128795
11/25/2015,Cable,126665
11/25/2015,Cable,126665
11/14/2015,Cable,126926
11/23/2015,Cable,125441
12/2/2015,Cable,129037
11/28/2015,Cable,128505
11/10/2015,Cable,129884
11/16/2015,Cable,129392
11/12/2015,Cable,124399
11/21/2015,Cable,126245
12/8/2015,Cable,124907
11/9/2015,Cable,128172
11/14/2015,Cable,124847
11/2/2015,Cable,126746
11/22/2015,Cable,126462
12/3/2015,Cable,125744
11/15/2015,Cable,126871
11/18/2015,Cable,125765
11/30/2015,Cable,128497
11/30/2015,Cable,128497
11/17/2015,Cable,125582
12/3/2015,Cable,128648
12/3/2015,Cable,127141
11/13/2015,Cable,129332
11/3/2015,Cable,126274
11/7/2015,Cable,128772
12/9/2015,Broadcast,126207
11/17/2015,Cable,130064
11/5/2015,Cable,128377
11/24/2015,Cable,129421
11/9/2015,Cable,130029
11/24/2015,Cable,129421
11/6/2015,Cable,125073
11/16/2015,Cable,130015
11/12/2015,Cable,125968
11/28/2015,Cable,126010
11/28/2015,Cable,126010
11/3/2015,Cable,128339
11/5/2015,Cable,127449
12/10/2015,Cable,127232
11/20/2015,Cable,129412
11/2/2015,Cable,129482
11/10/2015,Broadcast,126542
11/7/2015,Cable,130296
11/11/2015,Cable,126431
12/2/2015,Cable,130456
11/24/2015,Cable,127045
11/10/2015,Broadcast,126096
11/17/2015,Cable,127668
11/24/2015,Cable,127045
11/12/2015,Cable,127863
11/2/2015,Cable,126539
12/8/2015,Cable,128097
11/7/2015,Cable,124264
12/2/2015,Cable,125744
11/20/2015,Cable,125880
11/5/2015,Cable,125537
11/16/2015,Cable,126869
11/28/2015,Cable,127524
11/28/2015,Cable,127524
11/6/2015,Cable,126382
11/14/2015,Cable,127822
12/3/2015,Cable,130141
11/12/2015,Cable,126105
11/20/2015,Cable,129009
11/7/2015,Cable,128456
11/12/2015,Cable,127601
12/10/2015,Cable,126300
11/11/2015,Broadcast,128436
11/20/2015,Cable,125666
11/26/2015,Broadcast,129125
12/2/2015,Cable,128909
11/7/2015,Cable,125087
11/21/2015,Cable,126698
11/16/2015,Cable,125091
12/9/2015,Cable,126735
11/16/2015,Cable,135786
12/10/2015,Cable,132678
11/11/2015,Broadcast,135380
11/18/2015,Cable,134207
12/5/2015,Cable,136462
12/10/2015,Cable,132636
11/6/2015,Cable,136217
11/18/2015,Cable,132510
12/5/2015,Cable,134086
11/19/2015,Cable,132441
12/5/2015,Cable,132341
11/16/2015,Cable,133787
11/28/2015,Cable,134022
11/28/2015,Cable,134022
11/14/2015,Cable,130630
11/8/2015,Cable,133449
11/21/2015,Cable,135936
11/14/2015,Cable,135143
11/26/2015,Cable,133277
11/7/2015,Cable,132242
11/27/2015,Cable,134841
11/19/2015,Cable,133144
11/20/2015,Cable,133644
12/5/2015,Cable,136239
11/20/2015,Cable,133069
11/19/2015,Cable,134162
11/11/2015,Cable,136831
11/14/2015,Cable,135897
12/9/2015,Cable,131291
11/27/2015,Cable,133831
11/23/2015,Cable,135088
11/23/2015,Cable,135088
11/21/2015,Cable,133489
11/7/2015,Cable,136125
11/10/2015,Cable,133790
11/15/2015,Broadcast,131247
11/19/2015,Cable,135079
12/9/2015,Cable,136394
11/15/2015,Cable,131742
11/5/2015,Cable,130794
11/7/2015,Cable,135227
12/10/2015,Cable,134822
11/11/2015,Cable,132915
11/14/2015,Cable,133725
11/8/2015,Cable,136716
11/22/2015,Broadcast,135102
11/4/2015,Cable,136507
11/16/2015,Cable,133465
12/9/2015,Cable,136802
11/9/2015,Cable,132020
11/27/2015,Cable,135401
11/7/2015,Cable,134675
11/25/2015,Cable,135659
11/25/2015,Cable,135659
11/21/2015,Cable,135985
11/19/2015,Cable,132109
11/7/2015,Cable,133208
11/21/2015,Cable,133485
12/9/2015,Cable,131177
11/30/2015,Cable,135341
11/30/2015,Cable,135341
11/21/2015,Cable,131358
11/4/2015,Cable,132172
12/6/2015,Cable,136247
11/12/2015,Cable,133633
12/9/2015,Cable,133165
11/6/2015,Cable,131775
11/7/2015,Cable,132808
11/3/2015,Cable,134661
11/4/2015,Cable,131904
11/19/2015,Broadcast,131706
11/8/2015,Cable,136335
12/2/2015,Cable,133704
12/9/2015,Cable,131058
11/5/2015,Cable,134177
11/28/2015,Cable,130990
11/12/2015,Cable,130852
11/4/2015,Cable,133935
11/6/2015,Cable,131326
12/5/2015,Cable,134323
11/24/2015,Cable,133647
11/24/2015,Cable,133647
11/16/2015,Cable,132648
11/13/2015,Cable,132219
11/6/2015,Cable,130672
11/30/2015,Cable,135337
12/8/2015,Cable,136345
11/16/2015,Broadcast,136711
11/29/2015,Broadcast,134022
11/29/2015,Broadcast,134022
11/16/2015,Broadcast,133748
11/26/2015,Cable,132434
11/26/2015,Cable,132434
11/27/2015,Cable,134809
11/27/2015,Cable,134809
11/10/2015,Cable,133136
11/10/2015,Cable,134525
11/3/2015,Cable,135380
11/5/2015,Cable,133626
11/17/2015,Cable,134207
12/3/2015,Cable,135436
11/17/2015,Cable,134207
11/21/2015,Cable,132500
12/7/2015,Cable,134556
11/4/2015,Cable,131022
11/6/2015,Cable,131534
11/26/2015,Cable,133279
11/26/2015,Cable,133279
11/12/2015,Cable,133119
11/28/2015,Cable,132771
11/11/2015,Cable,142378
12/4/2015,Cable,140031
11/25/2015,Cable,140624
11/26/2015,Broadcast,140904
11/4/2015,Cable,142002
12/4/2015,Cable,140581
11/13/2015,Cable,137989
11/13/2015,Cable,143278
11/10/2015,Broadcast,138733
11/23/2015,Cable,141260
11/6/2015,Cable,141846
11/7/2015,Cable,141187
11/9/2015,Cable,137225
12/4/2015,Cable,139514
11/25/2015,Cable,139472
11/7/2015,Cable,138539
11/21/2015,Cable,141281
11/29/2015,Cable,137236
11/28/2015,Cable,138096
11/6/2015,Cable,138659
11/4/2015,Cable,138313
11/7/2015,Cable,141068
11/16/2015,Cable,137572
11/20/2015,Cable,140934
11/10/2015,Cable,138983
11/16/2015,Cable,139918
11/14/2015,Cable,142475
11/14/2015,Cable,141317
11/24/2015,Broadcast,137986
11/21/2015,Cable,141178
11/16/2015,Broadcast,142885
11/13/2015,Cable,139714
11/14/2015,Cable,139004
11/10/2015,Cable,142337
11/14/2015,Cable,141838
12/5/2015,Cable,143063
11/4/2015,Broadcast,140567
12/5/2015,Cable,139154
11/25/2015,Cable,139705
11/25/2015,Cable,139705
11/4/2015,Cable,138259
11/28/2015,Cable,139106
11/28/2015,Cable,139106
11/4/2015,Broadcast,142299
11/28/2015,Cable,137444
11/19/2015,Cable,138143
11/28/2015,Cable,139291
11/25/2015,Cable,137569
11/25/2015,Cable,137569
11/7/2015,Cable,142176
11/4/2015,Broadcast,140851
11/7/2015,Cable,141777
11/25/2015,Cable,139142
12/8/2015,Cable,139729
11/27/2015,Cable,138748
11/18/2015,Broadcast,138804
12/1/2015,Broadcast,137148
11/30/2015,Cable,141546
11/7/2015,Cable,137967
11/30/2015,Cable,141546
12/8/2015,Cable,142747
11/28/2015,Cable,142136
11/19/2015,Cable,140607
11/2/2015,Cable,142470
12/9/2015,Cable,139820
11/5/2015,Cable,139756
12/5/2015,Cable,140999
11/8/2015,Cable,143172
11/5/2015,Cable,137881
11/1/2015,Cable,137326
11/20/2015,Cable,137947
11/4/2015,Cable,137598
11/12/2015,Cable,142452
11/15/2015,Cable,140822
11/10/2015,Cable,141645
11/14/2015,Cable,137472
11/24/2015,Cable,139536
11/30/2015,Cable,139337
11/14/2015,Cable,138086
12/7/2015,Cable,141201
11/4/2015,Broadcast,140070
12/4/2015,Cable,139443
12/6/2015,Cable,137521
11/6/2015,Cable,141761
11/10/2015,Cable,138641
11/4/2015,Cable,138257
11/3/2015,Cable,137239
11/26/2015,Cable,140466
11/26/2015,Cable,140466
12/9/2015,Cable,139034
11/6/2015,Cable,143215
11/25/2015,Cable,137033
11/4/2015,Broadcast,139310
11/16/2015,Cable,142264
11/15/2015,Cable,139437
11/9/2015,Cable,139073
11/10/2015,Cable,142450
12/7/2015,Cable,137455
12/4/2015,Cable,142357
11/6/2015,Cable,137244
12/4/2015,Cable,139985
11/6/2015,Cable,142625
11/28/2015,Cable,142239
11/25/2015,Cable,138150
11/28/2015,Cable,142239
12/10/2015,Cable,142067
11/6/2015,Cable,138732
11/20/2015,Cable,143306
11/28/2015,Cable,137398
11/28/2015,Cable,137398
11/29/2015,Broadcast,138292
11/26/2015,Cable,139193
11/16/2015,Cable,141346
11/17/2015,Cable,142307
11/21/2015,Cable,148197
11/20/2015,Cable,145405
12/5/2015,Cable,143883
11/20/2015,Broadcast,145445
11/30/2015,Cable,147101
11/30/2015,Cable,147101
11/2/2015,Cable,148818
11/15/2015,Cable,143844
11/5/2015,Cable,148851
11/28/2015,Cable,147424
11/28/2015,Cable,147424
11/8/2015,Cable,149562
11/21/2015,Cable,144834
11/19/2015,Cable,146932
11/28/2015,Cable,148438
11/28/2015,Cable,148438
11/15/2015,Cable,143617
11/11/2015,Cable,146861
11/4/2015,Cable,147000
11/7/2015,Cable,148625
11/28/2015,Cable,148395
11/28/2015,Cable,148395
11/25/2015,Cable,146350
11/25/2015,Cable,146350
11/14/2015,Cable,144374
11/28/2015,Cable,146161
11/28/2015,Cable,146161
11/29/2015,Cable,146197
11/29/2015,Cable,146197
11/28/2015,Cable,143469
11/28/2015,Cable,143469
11/20/2015,Cable,148843
11/10/2015,Cable,149680
11/21/2015,Cable,144922
11/14/2015,Cable,144458
11/22/2015,Cable,145965
11/22/2015,Cable,145965
12/5/2015,Cable,146266
12/2/2015,Broadcast,147947
11/28/2015,Cable,146666
11/28/2015,Cable,146666
11/15/2015,Cable,147898
11/22/2015,Cable,147545
11/22/2015,Cable,147545
11/13/2015,Cable,147872
11/7/2015,Cable,149353
11/28/2015,Cable,144798
12/8/2015,Cable,148267
11/28/2015,Cable,144798
12/5/2015,Cable,148047
11/21/2015,Cable,145398
12/7/2015,Cable,145045
11/22/2015,Broadcast,146272
11/16/2015,Cable,145804
11/22/2015,Cable,147587
11/28/2015,Cable,146354
11/21/2015,Cable,149018
12/9/2015,Cable,145637
11/7/2015,Cable,147721
11/4/2015,Broadcast,147904
11/9/2015,Cable,149048
11/9/2015,Cable,147470
11/19/2015,Cable,148738
11/4/2015,Cable,146394
12/3/2015,Cable,145845
11/27/2015,Cable,145614
11/4/2015,Cable,145124
11/27/2015,Cable,145614
12/5/2015,Cable,148806
11/25/2015,Cable,146866
11/28/2015,Cable,149450
11/24/2015,Cable,147849
11/12/2015,Cable,146443
11/28/2015,Cable,144459
11/5/2015,Cable,148824
11/16/2015,Cable,147150
11/28/2015,Cable,145424
11/3/2015,Cable,148570
11/5/2015,Cable,145874
12/10/2015,Cable,147048
11/18/2015,Cable,148396
11/23/2015,Cable,146912
11/23/2015,Cable,146912
11/7/2015,Cable,149104
11/10/2015,Cable,143812
11/29/2015,Broadcast,145888
11/4/2015,Cable,149231
11/25/2015,Cable,144444
11/11/2015,Cable,148347
11/29/2015,Broadcast,145888
11/3/2015,Cable,145930
11/13/2015,Cable,147743
11/3/2015,Cable,146427
11/4/2015,Cable,146433
12/9/2015,Cable,144554
11/4/2015,Cable,143604
11/4/2015,Broadcast,146330
11/12/2015,Cable,145563
11/30/2015,Cable,143921
11/25/2015,Cable,149092
11/30/2015,Cable,143921
11/27/2015,Cable,147813
11/27/2015,Cable,147813
12/7/2015,Broadcast,146893
11/13/2015,Cable,144313
11/4/2015,Cable,146000
11/2/2015,Cable,145332
12/7/2015,Cable,149353
11/18/2015,Cable,144668
11/27/2015,Cable,144389
11/4/2015,Cable,149606
11/28/2015,Cable,143398
11/5/2015,Cable,146200
11/21/2015,Cable,147428
11/2/2015,Cable,147397
12/2/2015,Cable,146790
11/10/2015,Cable,144132
11/28/2015,Cable,147378
11/23/2015,Cable,148945
11/29/2015,Broadcast,145844
11/13/2015,Cable,147386
11/29/2015,Broadcast,145844
11/4/2015,Cable,145127
11/14/2015,Cable,145064
11/4/2015,Broadcast,144793
11/4/2015,Cable,146446
11/30/2015,Cable,152425
11/7/2015,Cable,151649
11/30/2015,Cable,152425
12/4/2015,Broadcast,155403
12/8/2015,Cable,152901
12/4/2015,Cable,152540
11/17/2015,Cable,154552
11/9/2015,Cable,151064
11/18/2015,Cable,151445
11/21/2015,Cable,152008
11/22/2015,Cable,150585
12/5/2015,Cable,151070
11/22/2015,Cable,151165
11/23/2015,Cable,153961
11/4/2015,Cable,149906
11/12/2015,Cable,152733
11/18/2015,Cable,150829
11/14/2015,Cable,153693
11/28/2015,Cable,151845
11/28/2015,Cable,151845
11/12/2015,Cable,155249
11/29/2015,Cable,150867
11/29/2015,Cable,150867
11/12/2015,Cable,151114
12/5/2015,Cable,150713
11/25/2015,Cable,150873
11/25/2015,Cable,150873
11/28/2015,Cable,155451
11/28/2015,Cable,155451
11/29/2015,Cable,155221
11/29/2015,Cable,155221
11/7/2015,Cable,155237
11/28/2015,Cable,151007
11/28/2015,Cable,151007
12/5/2015,Cable,153262
11/22/2015,Cable,151324
11/12/2015,Cable,151343
11/8/2015,Cable,153518
11/13/2015,Cable,153801
11/28/2015,Cable,151658
11/29/2015,Cable,154991
11/23/2015,Cable,151569
11/29/2015,Cable,154991
11/14/2015,Cable,150341
12/2/2015,Cable,155928
11/28/2015,Cable,152681
11/15/2015,Cable,155688
11/28/2015,Cable,151618
11/28/2015,Cable,154214
12/10/2015,Cable,154059
11/27/2015,Cable,155327
12/6/2015,Cable,154118
11/11/2015,Cable,151485
11/23/2015,Cable,152651
12/7/2015,Cable,154187
12/5/2015,Cable,150101
11/25/2015,Cable,154767
11/25/2015,Cable,154767
11/6/2015,Cable,150006
11/16/2015,Cable,151654
11/4/2015,Cable,154056
11/27/2015,Cable,156040
11/27/2015,Cable,156040
11/22/2015,Cable,154067
11/21/2015,Cable,155089
12/5/2015,Cable,150958
11/3/2015,Cable,154710
11/27/2015,Broadcast,152329
11/11/2015,Cable,153943
11/23/2015,Cable,150690
11/23/2015,Cable,150690
11/6/2015,Cable,154958
11/17/2015,Cable,153635
11/16/2015,Cable,155980
11/25/2015,Cable,151561
11/6/2015,Cable,152333
11/27/2015,Cable,151425
11/27/2015,Cable,151425
12/10/2015,Cable,154002
11/10/2015,Cable,153531
11/23/2015,Cable,152609
11/23/2015,Cable,152609
11/6/2015,Cable,150388
11/16/2015,Cable,154897
11/11/2015,Cable,149758
11/4/2015,Cable,153239
11/21/2015,Broadcast,155024
11/18/2015,Cable,150409
12/8/2015,Cable,152011
11/25/2015,Cable,152497
11/30/2015,Cable,151112
11/30/2015,Cable,151112
11/3/2015,Cable,153230
11/25/2015,Cable,154555
11/21/2015,Broadcast,155024
11/26/2015,Cable,155308
11/26/2015,Cable,155308
11/22/2015,Cable,155311
11/22/2015,Cable,155311
11/28/2015,Cable,151245
12/7/2015,Cable,155866
11/5/2015,Cable,152671
11/13/2015,Cable,154638
11/18/2015,Cable,149972
11/3/2015,Cable,151291
11/6/2015,Cable,153775
11/28/2015,Cable,152962
11/28/2015,Cable,152962
11/17/2015,Cable,152182
12/6/2015,Cable,154210
11/5/2015,Cable,158949
11/27/2015,Cable,160785
11/27/2015,Cable,160785
11/13/2015,Cable,161603
11/17/2015,Cable,156449
11/24/2015,Broadcast,158249
11/4/2015,Cable,157857
11/14/2015,Cable,162274
11/28/2015,Cable,162037
11/28/2015,Cable,162037
11/17/2015,Cable,160117
11/18/2015,Cable,159701
11/28/2015,Cable,157654
11/16/2015,Cable,161874
11/6/2015,Cable,159020
11/14/2015,Broadcast,160000
11/28/2015,Cable,158502
11/28/2015,Cable,158502
11/17/2015,Cable,158536
11/28/2015,Cable,156383
11/28/2015,Cable,156383
11/28/2015,Cable,161682
11/28/2015,Cable,157257
11/28/2015,Cable,157257
11/27/2015,Cable,156731
11/13/2015,Cable,156475
11/22/2015,Cable,157488
11/22/2015,Cable,157488
11/24/2015,Cable,157746
11/24/2015,Cable,157746
11/22/2015,Cable,160564
11/15/2015,Cable,159275
11/19/2015,Cable,157294
11/13/2015,Cable,162364
11/14/2015,Cable,158053
11/27/2015,Cable,156209
11/27/2015,Cable,156209
11/21/2015,Cable,156810
11/7/2015,Cable,159686
11/28/2015,Cable,161770
11/13/2015,Cable,160581
11/12/2015,Cable,156373
11/7/2015,Cable,158482
12/7/2015,Cable,157630
11/30/2015,Cable,156091
11/27/2015,Cable,156299
11/28/2015,Cable,159585
11/22/2015,Cable,157209
11/22/2015,Cable,157209
11/24/2015,Cable,158982
11/27/2015,Cable,159984
11/27/2015,Cable,159984
11/9/2015,Cable,158005
11/23/2015,Cable,159130
11/30/2015,Cable,160437
11/30/2015,Cable,160437
11/13/2015,Cable,156692
12/6/2015,Cable,156420
11/25/2015,Cable,162048
11/20/2015,Cable,159273
11/3/2015,Cable,158492
11/9/2015,Cable,157343
11/13/2015,Cable,156621
11/6/2015,Broadcast,161111
11/11/2015,Cable,156798
11/13/2015,Cable,160151
11/28/2015,Cable,157744
11/28/2015,Cable,157744
11/5/2015,Cable,162455
11/10/2015,Broadcast,162039
11/16/2015,Cable,157427
11/4/2015,Cable,158768
11/1/2015,Cable,159916
11/5/2015,Cable,162383
11/6/2015,Cable,156758
11/20/2015,Broadcast,158177
11/11/2015,Cable,161751
11/11/2015,Cable,159552
12/3/2015,Cable,156176
12/7/2015,Cable,157825
11/30/2015,Cable,156375
11/20/2015,Cable,158421
12/5/2015,Cable,159854
11/9/2015,Cable,158117
11/9/2015,Cable,161033
12/4/2015,Cable,161540
12/3/2015,Cable,161634
11/9/2015,Cable,157685
11/9/2015,Cable,159757
11/21/2015,Cable,167268
11/13/2015,Cable,166178
11/11/2015,Cable,166587
11/19/2015,Cable,167501
11/9/2015,Cable,164331
11/15/2015,Cable,168684
11/8/2015,Cable,168087
11/23/2015,Cable,164252
11/18/2015,Cable,162979
12/5/2015,Cable,166558
11/28/2015,Cable,167750
12/5/2015,Broadcast,166702
11/17/2015,Cable,164098
11/20/2015,Cable,168653
11/14/2015,Cable,164035
11/7/2015,Cable,166413
12/5/2015,Cable,166257
11/9/2015,Cable,167305
11/28/2015,Cable,163644
11/28/2015,Cable,163644
12/9/2015,Cable,162597
11/24/2015,Cable,166089
11/21/2015,Cable,168094
11/9/2015,Broadcast,165389
11/24/2015,Cable,163811
11/24/2015,Cable,163811
11/22/2015,Cable,163439
11/10/2015,Cable,168030
11/11/2015,Cable,168796
11/21/2015,Cable,162913
11/30/2015,Broadcast,168754
11/25/2015,Cable,163452
12/7/2015,Cable,167930
12/4/2015,Cable,165275
12/8/2015,Cable,167353
11/6/2015,Broadcast,165649
11/25/2015,Broadcast,167165
11/15/2015,Cable,165251
11/28/2015,Cable,162851
12/7/2015,Cable,167824
11/4/2015,Cable,162674
11/26/2015,Broadcast,166830
11/4/2015,Cable,166701
11/5/2015,Cable,167631
12/2/2015,Cable,163881
11/4/2015,Cable,164982
11/4/2015,Cable,162691
11/17/2015,Cable,163264
11/2/2015,Cable,167286
11/17/2015,Cable,167578
11/11/2015,Cable,165436
11/22/2015,Cable,168342
11/16/2015,Cable,168070
11/10/2015,Cable,168214
11/6/2015,Cable,166335
11/13/2015,Broadcast,168340
11/18/2015,Broadcast,167778
11/20/2015,Cable,165341
11/20/2015,Cable,165928
11/7/2015,Cable,168436
11/4/2015,Cable,164953
11/6/2015,Cable,165858
11/9/2015,Cable,167995
11/21/2015,Cable,168673
11/2/2015,Cable,164045
11/11/2015,Cable,165459
11/8/2015,Broadcast,162957
12/4/2015,Cable,165664
11/26/2015,Cable,163044
11/6/2015,Cable,165038
11/26/2015,Cable,163044
11/7/2015,Cable,167983
11/27/2015,Cable,163595
11/30/2015,Cable,163798
11/30/2015,Cable,163798
12/7/2015,Cable,164950
11/5/2015,Cable,162892
12/7/2015,Cable,167219
11/27/2015,Cable,167815
11/27/2015,Cable,167815
11/21/2015,Cable,168624
11/13/2015,Cable,167021
11/6/2015,Cable,169171
11/24/2015,Cable,169650
11/24/2015,Cable,169650
12/1/2015,Cable,172393
12/4/2015,Cable,170445
11/16/2015,Cable,173116
11/20/2015,Cable,172515
12/5/2015,Cable,169553
11/27/2015,Broadcast,171863
11/27/2015,Broadcast,171863
11/6/2015,Cable,171447
11/5/2015,Cable,169765
11/17/2015,Cable,170758
11/5/2015,Cable,171064
11/23/2015,Cable,175082
11/14/2015,Cable,170180
11/21/2015,Cable,173562
11/24/2015,Cable,169474
12/5/2015,Cable,169507
11/25/2015,Cable,170669
11/22/2015,Cable,170796
11/27/2015,Broadcast,175029
11/27/2015,Broadcast,175029
11/30/2015,Cable,168999
11/30/2015,Cable,168999
11/5/2015,Cable,173405
11/28/2015,Cable,170299
11/28/2015,Cable,170299
11/16/2015,Broadcast,175056
11/22/2015,Cable,172437
11/22/2015,Cable,172437
11/22/2015,Cable,172204
11/22/2015,Cable,172204
12/5/2015,Cable,170468
11/21/2015,Cable,170586
11/30/2015,Broadcast,174414
11/8/2015,Cable,169337
11/30/2015,Broadcast,174414
11/29/2015,Cable,171366
11/29/2015,Cable,171366
11/10/2015,Cable,169579
11/17/2015,Broadcast,169282
11/25/2015,Cable,174396
12/8/2015,Cable,169250
11/6/2015,Cable,173697
11/27/2015,Cable,175152
11/27/2015,Cable,171348
11/27/2015,Cable,175152
11/4/2015,Broadcast,169004
11/9/2015,Cable,173578
11/21/2015,Cable,175042
11/3/2015,Cable,172267
11/29/2015,Cable,172337
11/29/2015,Cable,172337
11/21/2015,Cable,169313
11/30/2015,Cable,169544
11/6/2015,Cable,173856
11/11/2015,Cable,174310
12/2/2015,Cable,171080
11/24/2015,Cable,174404
11/29/2015,Cable,173867
11/30/2015,Cable,172375
11/30/2015,Cable,172375
11/15/2015,Broadcast,170022
11/10/2015,Cable,174373
12/1/2015,Cable,169394
11/23/2015,Cable,173633
11/4/2015,Cable,172105
11/23/2015,Cable,173633
12/8/2015,Cable,172501
11/28/2015,Cable,171274
11/28/2015,Cable,171274
11/8/2015,Cable,169264
12/7/2015,Cable,173306
11/7/2015,Cable,172288
12/6/2015,Cable,169805
11/28/2015,Cable,171476
11/28/2015,Cable,171476
12/9/2015,Cable,171813
12/9/2015,Cable,171599
11/7/2015,Cable,170499
11/4/2015,Cable,172053
11/21/2015,Cable,173264
11/24/2015,Cable,172350
11/8/2015,Cable,170207
11/24/2015,Cable,172350
11/5/2015,Cable,169994
11/4/2015,Cable,171587
11/24/2015,Cable,172350
12/9/2015,Cable,173165
11/5/2015,Cable,173225
11/30/2015,Cable,171887
11/30/2015,Cable,171887
11/16/2015,Cable,173841
11/10/2015,Cable,170769
11/4/2015,Cable,174290
11/29/2015,Cable,174007
12/9/2015,Cable,171812
11/11/2015,Cable,174146
11/17/2015,Cable,172064
11/12/2015,Cable,169931
12/7/2015,Cable,172414
11/16/2015,Cable,171286
11/16/2015,Cable,179446
12/6/2015,Broadcast,176232
11/18/2015,Cable,181017
11/18/2015,Broadcast,177690
11/17/2015,Cable,175495
11/7/2015,Cable,176783
11/16/2015,Cable,178026
11/8/2015,Cable,181406
11/15/2015,Cable,179000
11/14/2015,Cable,177071
11/18/2015,Cable,181214
11/16/2015,Cable,177715
11/28/2015,Cable,180927
11/30/2015,Cable,175533
11/18/2015,Cable,180774
11/6/2015,Cable,179436
11/23/2015,Cable,176043
11/15/2015,Cable,180685
11/15/2015,Cable,175730
11/29/2015,Cable,180943
11/7/2015,Cable,176235
11/13/2015,Cable,179058
11/17/2015,Broadcast,178654
11/27/2015,Cable,178054
11/27/2015,Cable,178054
11/15/2015,Cable,175309
12/6/2015,Cable,179367
11/28/2015,Cable,178176
11/28/2015,Cable,178176
11/24/2015,Cable,181102
11/6/2015,Cable,175470
11/9/2015,Broadcast,181089
11/28/2015,Cable,178302
11/26/2015,Cable,176521
11/26/2015,Cable,176521
11/22/2015,Broadcast,181572
11/26/2015,Broadcast,176220
11/26/2015,Broadcast,176220
11/25/2015,Cable,179678
11/12/2015,Cable,178569
11/14/2015,Cable,180808
11/6/2015,Cable,179139
11/20/2015,Cable,175953
11/10/2015,Broadcast,178258
12/2/2015,Cable,176403
11/6/2015,Broadcast,176839
11/23/2015,Cable,179146
11/20/2015,Cable,175707
11/24/2015,Cable,177337
12/3/2015,Cable,178137
11/8/2015,Cable,180067
11/18/2015,Cable,178305
11/10/2015,Cable,177768
12/7/2015,Cable,175529
11/22/2015,Cable,176085
11/17/2015,Cable,177284
11/12/2015,Cable,177660
12/8/2015,Cable,181043
11/27/2015,Cable,177478
11/27/2015,Cable,177478
11/17/2015,Cable,179320
11/18/2015,Cable,177286
11/15/2015,Cable,179970
11/20/2015,Cable,181060
11/12/2015,Cable,180494
11/4/2015,Cable,177386
11/3/2015,Cable,178393
12/3/2015,Cable,175673
11/6/2015,Cable,181527
11/11/2015,Cable,180588
11/6/2015,Cable,176798
12/3/2015,Cable,176235
11/7/2015,Cable,175341
11/28/2015,Cable,176008
11/27/2015,Cable,177414
11/27/2015,Cable,177414
11/5/2015,Cable,178496
11/7/2015,Cable,176284
12/6/2015,Broadcast,178841
11/10/2015,Cable,177740
11/7/2015,Cable,175484
11/13/2015,Cable,178523
11/11/2015,Cable,177392
11/11/2015,Cable,178555
12/1/2015,Cable,180768
11/28/2015,Cable,187391
11/28/2015,Cable,187391
12/6/2015,Cable,183495
11/5/2015,Broadcast,184684
12/2/2015,Broadcast,181849
11/28/2015,Cable,184425
11/28/2015,Cable,184425
11/6/2015,Cable,184735
11/2/2015,Cable,187115
11/7/2015,Cable,184680
11/6/2015,Cable,183080
11/21/2015,Cable,187952
11/28/2015,Cable,182929
11/28/2015,Cable,182929
11/14/2015,Cable,185327
11/10/2015,Cable,183076
11/7/2015,Cable,183395
11/22/2015,Cable,184507
11/15/2015,Cable,183237
11/7/2015,Cable,182946
11/27/2015,Cable,187825
11/27/2015,Cable,187825
11/28/2015,Cable,187333
11/28/2015,Cable,187333
11/1/2015,Cable,185590
11/25/2015,Cable,186106
11/25/2015,Cable,186106
12/5/2015,Cable,185688
11/9/2015,Broadcast,184960
11/15/2015,Cable,184210
11/14/2015,Cable,186632
11/15/2015,Cable,183969
12/4/2015,Cable,186103
11/28/2015,Cable,187571
11/18/2015,Cable,185970
11/28/2015,Cable,187571
11/11/2015,Cable,183868
11/5/2015,Broadcast,184892
11/21/2015,Cable,186780
11/5/2015,Cable,185752
11/4/2015,Cable,183451
11/12/2015,Cable,184035
11/17/2015,Cable,182870
11/6/2015,Cable,184388
11/5/2015,Broadcast,182672
11/15/2015,Cable,184953
11/2/2015,Cable,185999
11/4/2015,Cable,187786
11/4/2015,Cable,182186
11/9/2015,Cable,182618
11/27/2015,Cable,186075
11/27/2015,Cable,186075
11/4/2015,Cable,186463
11/9/2015,Cable,187588
11/8/2015,Cable,186283
11/23/2015,Cable,186112
11/23/2015,Cable,186112
11/10/2015,Cable,186507
12/3/2015,Cable,182940
11/14/2015,Cable,183318
11/24/2015,Cable,182918
12/6/2015,Cable,181625
11/6/2015,Cable,183103
11/12/2015,Cable,187874
11/15/2015,Cable,181894
11/12/2015,Cable,185122
11/10/2015,Cable,184974
11/10/2015,Cable,183025
11/27/2015,Cable,190114
11/27/2015,Cable,190114
11/5/2015,Cable,189254
11/14/2015,Cable,193274
11/6/2015,Cable,194379
11/6/2015,Cable,192377
11/28/2015,Cable,193599
11/7/2015,Cable,194378
11/14/2015,Cable,190253
11/26/2015,Cable,191498
11/23/2015,Cable,191646
11/28/2015,Broadcast,189615
11/28/2015,Broadcast,189615
11/14/2015,Cable,194157
11/26/2015,Cable,189080
11/17/2015,Cable,193503
11/7/2015,Cable,193122
11/24/2015,Cable,188979
11/12/2015,Cable,188145
11/17/2015,Cable,190266
11/10/2015,Broadcast,190247
12/5/2015,Cable,189447
11/28/2015,Cable,190643
11/8/2015,Cable,189727
11/21/2015,Cable,189021
11/27/2015,Broadcast,189534
11/14/2015,Cable,188131
11/27/2015,Broadcast,189534
11/11/2015,Cable,188691
11/20/2015,Broadcast,192316
11/29/2015,Cable,193032
11/29/2015,Cable,193032
11/9/2015,Broadcast,193447
11/27/2015,Cable,188881
11/6/2015,Cable,188410
11/27/2015,Cable,188881
11/27/2015,Cable,188881
11/6/2015,Cable,191608
11/4/2015,Cable,191666
11/11/2015,Cable,193539
11/9/2015,Broadcast,192189
11/28/2015,Cable,190109
11/25/2015,Broadcast,188242
11/17/2015,Broadcast,193885
11/28/2015,Cable,190109
11/12/2015,Cable,188923
11/28/2015,Cable,189107
11/28/2015,Cable,189107
11/30/2015,Cable,191566
11/30/2015,Cable,191566
11/26/2015,Broadcast,189161
11/28/2015,Cable,194337
11/28/2015,Cable,194337
11/5/2015,Cable,189788
11/20/2015,Broadcast,190119
11/13/2015,Cable,189661
11/4/2015,Cable,189239
11/17/2015,Cable,192550
11/26/2015,Broadcast,191842
11/16/2015,Cable,190546
11/24/2015,Cable,190100
11/24/2015,Cable,188526
11/18/2015,Cable,189756
11/6/2015,Broadcast,192978
12/5/2015,Cable,191017
11/28/2015,Cable,193960
11/6/2015,Cable,191378
11/28/2015,Cable,193960
11/21/2015,Cable,191031
11/4/2015,Cable,190052
11/10/2015,Cable,189150
12/9/2015,Cable,194207
11/7/2015,Cable,190212
11/13/2015,Cable,189877
11/14/2015,Cable,193969
12/6/2015,Cable,192000
11/4/2015,Cable,191219
11/27/2015,Cable,193164
11/27/2015,Cable,193164
11/7/2015,Cable,188980
11/7/2015,Cable,191117
11/24/2015,Cable,194145
11/24/2015,Cable,194145
11/18/2015,Cable,188240
11/25/2015,Cable,193438
11/27/2015,Cable,195126
11/22/2015,Cable,194926
11/30/2015,Cable,197165
11/27/2015,Cable,195126
11/22/2015,Cable,194926
11/30/2015,Cable,197165
11/17/2015,Cable,195530
11/28/2015,Cable,195196
11/28/2015,Cable,195196
11/17/2015,Cable,194531
11/9/2015,Cable,197291
11/5/2015,Cable,195994
11/6/2015,Cable,198391
11/30/2015,Cable,197537
11/8/2015,Cable,200268
11/4/2015,Cable,194744
11/7/2015,Cable,196112
11/18/2015,Cable,196958
11/19/2015,Cable,199740
11/28/2015,Cable,197222
11/28/2015,Cable,197222
11/28/2015,Cable,196349
11/16/2015,Cable,197246
11/22/2015,Cable,197109
12/6/2015,Cable,200458
11/24/2015,Cable,196795
11/23/2015,Cable,196166
11/19/2015,Cable,195332
11/12/2015,Cable,200013
11/8/2015,Cable,198686
11/7/2015,Cable,197807
11/14/2015,Cable,197864
12/1/2015,Cable,200179
11/15/2015,Cable,195514
11/21/2015,Cable,197388
11/27/2015,Broadcast,196346
11/22/2015,Cable,197010
11/23/2015,Broadcast,198633
11/22/2015,Cable,197010
12/7/2015,Cable,195938
11/7/2015,Cable,197575
11/25/2015,Cable,196573
11/25/2015,Cable,199549
11/25/2015,Cable,199549
11/4/2015,Cable,196174
11/11/2015,Cable,197816
11/15/2015,Cable,196786
12/6/2015,Cable,199657
11/5/2015,Cable,198690
11/13/2015,Cable,199746
11/12/2015,Cable,198518
11/29/2015,Broadcast,195755
11/29/2015,Broadcast,195755
11/6/2015,Cable,194925
11/2/2015,Cable,196292
11/26/2015,Cable,198472
12/5/2015,Cable,195492
11/5/2015,Cable,197193
11/16/2015,Cable,200741
11/23/2015,Broadcast,196480
11/24/2015,Cable,198837
11/24/2015,Cable,198837
11/20/2015,Broadcast,197435
11/2/2015,Cable,200451
12/1/2015,Cable,196980
12/7/2015,Cable,194873
11/24/2015,Cable,199355
11/10/2015,Cable,196763
11/14/2015,Cable,198901
11/20/2015,Cable,198612
12/5/2015,Cable,198746
11/28/2015,Cable,194826
11/28/2015,Cable,194826
11/29/2015,Broadcast,199345
11/29/2015,Broadcast,199875
11/18/2015,Broadcast,199340
11/7/2015,Cable,196554
11/1/2015,Cable,199637
11/28/2015,Cable,197489
11/7/2015,Cable,194438
11/28/2015,Cable,197489
11/10/2015,Cable,198142
11/22/2015,Cable,199259
11/21/2015,Cable,200457
11/29/2015,Cable,194610
11/29/2015,Cable,194610
11/28/2015,Cable,199620
11/28/2015,Cable,199620
11/20/2015,Cable,202117
11/27/2015,Cable,206608
11/27/2015,Cable,206608
11/11/2015,Cable,201666
11/28/2015,Cable,200998
11/28/2015,Cable,200998
11/7/2015,Cable,202387
11/15/2015,Cable,203215
11/15/2015,Cable,201031
11/14/2015,Cable,206604
11/17/2015,Cable,206888
11/26/2015,Cable,201895
11/4/2015,Cable,206050
11/22/2015,Cable,205528
11/21/2015,Cable,202035
11/14/2015,Cable,201249
11/16/2015,Cable,201252
11/23/2015,Cable,205393
11/28/2015,Cable,206566
11/6/2015,Cable,203377
11/20/2015,Broadcast,200890
11/15/2015,Cable,205621
11/12/2015,Cable,205451
11/7/2015,Cable,206793
11/8/2015,Cable,201810
11/22/2015,Cable,203865
11/21/2015,Cable,206633
11/12/2015,Cable,205792
11/8/2015,Cable,204202
11/29/2015,Cable,204776
11/29/2015,Cable,204776
12/1/2015,Cable,205094
11/25/2015,Broadcast,206993
11/4/2015,Broadcast,206829
11/24/2015,Broadcast,203525
11/24/2015,Broadcast,203525
11/29/2015,Cable,202248
12/6/2015,Cable,203801
11/29/2015,Cable,202248
11/30/2015,Cable,206994
11/30/2015,Cable,206994
11/26/2015,Broadcast,206956
11/13/2015,Broadcast,202640
11/18/2015,Cable,207138
12/7/2015,Cable,203297
11/5/2015,Cable,200977
11/6/2015,Cable,204923
11/24/2015,Cable,206038
11/26/2015,Broadcast,202897
11/6/2015,Cable,205185
11/16/2015,Cable,204901
12/2/2015,Cable,202980
11/7/2015,Cable,202222
12/3/2015,Cable,202824
11/20/2015,Cable,202564
11/14/2015,Cable,205205
11/17/2015,Cable,203191
11/28/2015,Cable,201320
11/28/2015,Cable,203534
11/22/2015,Cable,202924
11/28/2015,Cable,203534
11/20/2015,Cable,206315
11/4/2015,Cable,206735
11/26/2015,Cable,200842
11/26/2015,Cable,200842
11/18/2015,Cable,202508
11/17/2015,Cable,205580
11/4/2015,Cable,211902
11/24/2015,Cable,208637
11/12/2015,Cable,207905
11/14/2015,Cable,207571
11/5/2015,Cable,213409
11/28/2015,Cable,208144
11/28/2015,Cable,208144
11/4/2015,Cable,210700
11/22/2015,Cable,210676
11/7/2015,Cable,208423
11/15/2015,Cable,207241
11/6/2015,Cable,211047
11/6/2015,Cable,211321
11/15/2015,Cable,213354
11/27/2015,Broadcast,209619
11/27/2015,Broadcast,209619
11/7/2015,Cable,212894
11/6/2015,Broadcast,212109
11/28/2015,Broadcast,211151
11/28/2015,Broadcast,211151
11/18/2015,Cable,210209
11/7/2015,Cable,210011
11/8/2015,Cable,207522
11/19/2015,Cable,212976
11/15/2015,Cable,212313
11/25/2015,Cable,210678
11/15/2015,Cable,212223
11/24/2015,Cable,213367
12/5/2015,Broadcast,209706
11/21/2015,Cable,208294
11/21/2015,Cable,213185
12/6/2015,Cable,210364
11/4/2015,Cable,208033
11/15/2015,Broadcast,210578
11/28/2015,Cable,210021
11/28/2015,Cable,210021
11/6/2015,Cable,211114
11/14/2015,Cable,209130
11/17/2015,Broadcast,209363
11/30/2015,Cable,208878
11/30/2015,Cable,208878
11/16/2015,Cable,211963
11/21/2015,Cable,210991
11/20/2015,Broadcast,208343
11/9/2015,Broadcast,210106
11/19/2015,Cable,209397
11/21/2015,Cable,210216
11/21/2015,Broadcast,212644
11/20/2015,Broadcast,207766
12/7/2015,Cable,211547
12/6/2015,Cable,207943
11/17/2015,Cable,211544
11/12/2015,Cable,211643
11/21/2015,Cable,212148
11/28/2015,Broadcast,209755
11/4/2015,Cable,211443
11/17/2015,Cable,211725
11/28/2015,Broadcast,209755
12/10/2015,Cable,210993
11/28/2015,Cable,207665
11/6/2015,Cable,207729
11/28/2015,Cable,207665
11/1/2015,Cable,213129
11/6/2015,Cable,211894
11/8/2015,Cable,211941
11/16/2015,Cable,209144
12/3/2015,Cable,209947
11/9/2015,Cable,209045
12/6/2015,Broadcast,209265
12/10/2015,Cable,208384
11/15/2015,Cable,211726
11/10/2015,Cable,208136
11/7/2015,Cable,210367
11/6/2015,Cable,212045
11/21/2015,Cable,209987
11/28/2015,Cable,219782
11/28/2015,Cable,219782
11/7/2015,Cable,216553
11/6/2015,Cable,215417
11/8/2015,Cable,216636
11/5/2015,Cable,215001
11/14/2015,Cable,217956
11/7/2015,Cable,214414
11/12/2015,Cable,214444
11/14/2015,Cable,216565
11/5/2015,Cable,219638
11/26/2015,Broadcast,215250
11/26/2015,Broadcast,215250
11/26/2015,Broadcast,215250
11/26/2015,Broadcast,215250
11/7/2015,Cable,216696
11/16/2015,Cable,216746
11/6/2015,Broadcast,216236
11/5/2015,Cable,218083
11/23/2015,Cable,218235
11/28/2015,Cable,217619
11/28/2015,Cable,217619
11/28/2015,Cable,216240
11/28/2015,Cable,216240
11/1/2015,Cable,213899
11/7/2015,Cable,213690
11/8/2015,Cable,213625
11/7/2015,Cable,218967
11/18/2015,Cable,214301
11/22/2015,Cable,213677
11/22/2015,Cable,213677
11/14/2015,Cable,213801
11/28/2015,Cable,216892
11/28/2015,Cable,218643
11/15/2015,Cable,217953
11/4/2015,Broadcast,213694
12/1/2015,Cable,218425
11/15/2015,Cable,218500
11/9/2015,Broadcast,217588
11/12/2015,Cable,216964
11/20/2015,Broadcast,215604
11/15/2015,Cable,218422
12/8/2015,Broadcast,214713
11/15/2015,Cable,219179
11/23/2015,Broadcast,214612
11/2/2015,Cable,214738
11/15/2015,Broadcast,213735
11/25/2015,Cable,214028
11/5/2015,Broadcast,219553
11/24/2015,Cable,214271
11/24/2015,Cable,214271
11/15/2015,Cable,217404
11/15/2015,Cable,216070
11/5/2015,Cable,214459
11/7/2015,Cable,213640
11/10/2015,Cable,213778
11/9/2015,Broadcast,215242
12/4/2015,Cable,213774
11/27/2015,Cable,218038
11/27/2015,Cable,214575
12/7/2015,Cable,214502
11/24/2015,Broadcast,218959
12/6/2015,Broadcast,218067
11/26/2015,Broadcast,218866
12/6/2015,Cable,217982
12/1/2015,Cable,213997
11/13/2015,Cable,219825
11/3/2015,Cable,213587
11/7/2015,Cable,217717
11/29/2015,Cable,217242
12/5/2015,Cable,217729
12/8/2015,Cable,213620
11/21/2015,Cable,216224
11/16/2015,Cable,214173
11/28/2015,Cable,215476
11/28/2015,Cable,215476
12/7/2015,Cable,216088
11/17/2015,Cable,216026
11/28/2015,Cable,215120
12/3/2015,Cable,218036
11/1/2015,Cable,214671
11/14/2015,Cable,216952
11/28/2015,Cable,215263
11/7/2015,Cable,215003
11/26/2015,Cable,217384
11/26/2015,Cable,217384
11/28/2015,Cable,224367
11/28/2015,Cable,224367
11/5/2015,Cable,221668
12/2/2015,Cable,225428
12/9/2015,Cable,220975
11/12/2015,Cable,223123
11/20/2015,Cable,221378
11/30/2015,Broadcast,222026
11/23/2015,Cable,222084
11/30/2015,Broadcast,224697
11/23/2015,Cable,222084
11/30/2015,Broadcast,224697
11/28/2015,Cable,224769
11/28/2015,Cable,224769
11/5/2015,Cable,224817
11/9/2015,Cable,225027
11/14/2015,Cable,225514
11/15/2015,Cable,222862
11/28/2015,Cable,224701
11/28/2015,Cable,224701
11/20/2015,Cable,225457
11/25/2015,Broadcast,225276
11/17/2015,Cable,222983
11/9/2015,Broadcast,222527
11/9/2015,Broadcast,222527
11/26/2015,Broadcast,221242
11/26/2015,Broadcast,221242
11/26/2015,Broadcast,221242
11/26/2015,Broadcast,221242
11/21/2015,Cable,224101
11/24/2015,Cable,221250
11/20/2015,Cable,221429
11/14/2015,Broadcast,220853
11/26/2015,Cable,219940
11/26/2015,Cable,223876
11/16/2015,Cable,224503
11/16/2015,Cable,224503
11/17/2015,Cable,222975
11/10/2015,Broadcast,220361
11/21/2015,Cable,225218
11/29/2015,Cable,221591
11/30/2015,Broadcast,220833
11/6/2015,Cable,224912
11/21/2015,Cable,222671
11/14/2015,Cable,219955
11/1/2015,Cable,223191
11/29/2015,Cable,222121
11/23/2015,Broadcast,221270
11/23/2015,Broadcast,221270
11/18/2015,Broadcast,223213
12/5/2015,Cable,225883
11/15/2015,Cable,224288
11/7/2015,Cable,223452
11/30/2015,Broadcast,223880
11/30/2015,Broadcast,223880
12/9/2015,Cable,224980
11/15/2015,Cable,220711
11/21/2015,Cable,220540
11/9/2015,Cable,223115
11/29/2015,Cable,220148
11/18/2015,Cable,225431
11/16/2015,Cable,222187
11/10/2015,Cable,220662
11/30/2015,Broadcast,225339
11/15/2015,Cable,222373
11/30/2015,Broadcast,225339
11/23/2015,Cable,224339
12/10/2015,Broadcast,221223
12/5/2015,Cable,225487
11/26/2015,Broadcast,224870
11/11/2015,Cable,220728
12/8/2015,Cable,220771
11/9/2015,Broadcast,221058
11/10/2015,Cable,221979
11/5/2015,Broadcast,224561
11/5/2015,Cable,221568
12/6/2015,Broadcast,223510
11/26/2015,Cable,220442
11/26/2015,Cable,220442
11/22/2015,Cable,220197
11/22/2015,Cable,220197
11/14/2015,Cable,223165
11/10/2015,Cable,226086
11/12/2015,Cable,225279
11/11/2015,Cable,220576
11/10/2015,Broadcast,223685
11/23/2015,Broadcast,222944
11/23/2015,Cable,221955
11/6/2015,Cable,220288
11/10/2015,Cable,230516
11/13/2015,Cable,230580
11/4/2015,Cable,226667
11/22/2015,Cable,230002
11/10/2015,Cable,230034
11/20/2015,Cable,227244
11/20/2015,Cable,232370
11/15/2015,Cable,229799
11/17/2015,Broadcast,230285
11/17/2015,Broadcast,230285
11/26/2015,Cable,232391
11/28/2015,Cable,226629
11/21/2015,Broadcast,230945
11/14/2015,Cable,232536
11/29/2015,Cable,229724
11/22/2015,Cable,229021
11/29/2015,Broadcast,230405
11/29/2015,Broadcast,230405
11/6/2015,Broadcast,232298
11/21/2015,Cable,230711
11/6/2015,Broadcast,232298
11/21/2015,Cable,228103
11/29/2015,Broadcast,229368
11/29/2015,Broadcast,229368
11/16/2015,Broadcast,227589
11/18/2015,Broadcast,226347
11/20/2015,Cable,231556
11/7/2015,Cable,230639
11/22/2015,Cable,227898
11/21/2015,Broadcast,232142
11/21/2015,Cable,226624
12/3/2015,Cable,227744
11/17/2015,Cable,227284
11/23/2015,Broadcast,230816
12/4/2015,Cable,230632
11/12/2015,Cable,231398
11/29/2015,Cable,226524
11/29/2015,Cable,231025
11/13/2015,Cable,227732
11/8/2015,Cable,229539
12/10/2015,Cable,232223
11/8/2015,Cable,227862
11/2/2015,Cable,235684
11/10/2015,Cable,235129
11/7/2015,Broadcast,235332
11/6/2015,Cable,238721
11/22/2015,Cable,237134
11/14/2015,Cable,235062
11/5/2015,Cable,237927
11/22/2015,Cable,234574
11/3/2015,Cable,232804
11/14/2015,Cable,234468
11/16/2015,Cable,234512
11/12/2015,Cable,234447
11/5/2015,Cable,234693
11/23/2015,Cable,233039
11/5/2015,Cable,234693
11/17/2015,Cable,235312
11/28/2015,Cable,237790
11/28/2015,Cable,235452
11/28/2015,Cable,235452
11/7/2015,Broadcast,236579
11/7/2015,Cable,238030
11/29/2015,Cable,233036
11/15/2015,Cable,234295
11/30/2015,Cable,233062
11/30/2015,Cable,233062
11/19/2015,Cable,237487
12/9/2015,Cable,237175
11/9/2015,Cable,234386
11/24/2015,Broadcast,234828
12/8/2015,Cable,236427
11/21/2015,Cable,233960
11/7/2015,Broadcast,237168
12/10/2015,Cable,233872
11/5/2015,Cable,238642
12/3/2015,Cable,234518
11/25/2015,Broadcast,233344
12/1/2015,Cable,238745
11/30/2015,Cable,237771
11/4/2015,Cable,236672
12/10/2015,Broadcast,238370
11/17/2015,Cable,236987
11/15/2015,Cable,236181
11/27/2015,Cable,236447
11/16/2015,Cable,236871
11/22/2015,Cable,236307
11/8/2015,Cable,235395
11/24/2015,Cable,238610
11/12/2015,Cable,244293
11/26/2015,Cable,240776
11/26/2015,Cable,240776
11/25/2015,Broadcast,240640
11/14/2015,Cable,241439
11/25/2015,Broadcast,240640
11/7/2015,Cable,245270
11/26/2015,Cable,240510
11/6/2015,Cable,243418
11/26/2015,Cable,240510
11/7/2015,Cable,245270
11/25/2015,Broadcast,242628
11/28/2015,Cable,240515
11/5/2015,Cable,243309
11/22/2015,Cable,241182
11/28/2015,Cable,240515
11/5/2015,Broadcast,244017
11/5/2015,Broadcast,243418
11/28/2015,Cable,239468
11/28/2015,Cable,239468
11/24/2015,Cable,243832
11/22/2015,Cable,244155
11/22/2015,Cable,244155
11/8/2015,Cable,242314
11/13/2015,Cable,239761
11/29/2015,Cable,240005
11/23/2015,Broadcast,241322
11/13/2015,Cable,240935
11/15/2015,Cable,240132
11/28/2015,Cable,239550
11/7/2015,Cable,239657
11/7/2015,Cable,242711
12/8/2015,Cable,244811
11/15/2015,Cable,241378
11/11/2015,Cable,241394
11/17/2015,Cable,245232
12/9/2015,Cable,240498
11/21/2015,Cable,240679
11/7/2015,Broadcast,239419
12/6/2015,Cable,239289
11/16/2015,Cable,244112
12/1/2015,Cable,240149
11/25/2015,Cable,242654
11/25/2015,Cable,242654
11/17/2015,Cable,243818
11/30/2015,Cable,241561
11/30/2015,Cable,241561
11/26/2015,Cable,243864
11/26/2015,Cable,243864
11/12/2015,Cable,239994
11/8/2015,Cable,245230
11/13/2015,Cable,243683
11/17/2015,Cable,245436
11/5/2015,Cable,245191
12/3/2015,Cable,242596
11/4/2015,Cable,243495
11/22/2015,Cable,242043
11/22/2015,Cable,242043
11/29/2015,Cable,243078
11/29/2015,Cable,243078
11/28/2015,Cable,240037
11/28/2015,Cable,249828
11/10/2015,Cable,246494
11/2/2015,Cable,247845
11/3/2015,Cable,245558
11/7/2015,Cable,246874
11/12/2015,Cable,249215
11/24/2015,Broadcast,250508
11/24/2015,Broadcast,250508
11/24/2015,Broadcast,250508
11/24/2015,Broadcast,250508
11/7/2015,Broadcast,247263
11/28/2015,Cable,246449
11/24/2015,Broadcast,245722
11/24/2015,Broadcast,245722
11/7/2015,Cable,247323
11/5/2015,Broadcast,246504
11/22/2015,Cable,248843
11/21/2015,Cable,249792
11/28/2015,Cable,247591
12/7/2015,Cable,245659
11/10/2015,Broadcast,247822
11/8/2015,Cable,247061
11/7/2015,Cable,249413
11/23/2015,Broadcast,246910
11/23/2015,Broadcast,246910
11/28/2015,Cable,246295
11/28/2015,Cable,246295
11/21/2015,Cable,250473
11/17/2015,Cable,247848
11/24/2015,Broadcast,245909
11/20/2015,Cable,250062
11/21/2015,Cable,246788
11/30/2015,Cable,250186
11/30/2015,Cable,250186
11/30/2015,Cable,248798
11/30/2015,Cable,248798
11/27/2015,Cable,248581
11/22/2015,Cable,245801
11/27/2015,Cable,248581
11/4/2015,Cable,245839
11/25/2015,Broadcast,246807
11/25/2015,Cable,246994
11/25/2015,Cable,246994
11/28/2015,Cable,245875
11/30/2015,Cable,251745
11/28/2015,Cable,245875
11/30/2015,Cable,251745
11/6/2015,Cable,246453
11/7/2015,Cable,247539
11/18/2015,Broadcast,250497
11/23/2015,Broadcast,247937
11/7/2015,Broadcast,253826
11/10/2015,Cable,252053
12/8/2015,Cable,257989
11/11/2015,Cable,256493
11/28/2015,Cable,257961
11/6/2015,Cable,257642
11/28/2015,Cable,257961
11/7/2015,Cable,255510
11/3/2015,Cable,254954
11/4/2015,Cable,253547
11/22/2015,Cable,253728
11/22/2015,Cable,253728
11/16/2015,Cable,257532
11/24/2015,Cable,252736
11/5/2015,Broadcast,254620
11/15/2015,Cable,254086
11/7/2015,Broadcast,258131
11/29/2015,Cable,252548
12/5/2015,Cable,254732
11/16/2015,Cable,252160
11/25/2015,Broadcast,254452
11/17/2015,Broadcast,254277
11/25/2015,Broadcast,254452
11/17/2015,Cable,256209
11/11/2015,Broadcast,253936
11/7/2015,Broadcast,255076
11/20/2015,Cable,255637
11/21/2015,Cable,257151
11/30/2015,Cable,257807
11/29/2015,Cable,257089
11/29/2015,Cable,257089
11/19/2015,Broadcast,257737
11/29/2015,Cable,256225
11/30/2015,Cable,257265
11/30/2015,Cable,257265
11/25/2015,Cable,255173
11/30/2015,Cable,257884
11/30/2015,Cable,257884
11/30/2015,Broadcast,252233
11/7/2015,Cable,257615
11/23/2015,Broadcast,254214
11/23/2015,Broadcast,254214
11/14/2015,Cable,256825
11/10/2015,Cable,256582
11/17/2015,Broadcast,256412
11/22/2015,Cable,253262
12/10/2015,Cable,253136
11/21/2015,Cable,258224
11/28/2015,Cable,261245
11/13/2015,Broadcast,260978
11/28/2015,Cable,260567
11/28/2015,Cable,260567
11/6/2015,Cable,262225
11/30/2015,Broadcast,261815
11/23/2015,Broadcast,258558
11/3/2015,Cable,259448
11/21/2015,Cable,260483
11/21/2015,Cable,258316
11/21/2015,Cable,263777
11/4/2015,Cable,258583
11/6/2015,Broadcast,263600
11/11/2015,Broadcast,258700
11/23/2015,Broadcast,264250
11/23/2015,Broadcast,264250
11/23/2015,Broadcast,264250
11/23/2015,Broadcast,264250
11/24/2015,Cable,259123
11/28/2015,Cable,258765
11/14/2015,Broadcast,258596
11/24/2015,Cable,259159
11/7/2015,Broadcast,263799
11/21/2015,Cable,264401
11/20/2015,Cable,263861
11/23/2015,Broadcast,260455
11/23/2015,Broadcast,260455
11/12/2015,Cable,258448
11/28/2015,Cable,262045
11/28/2015,Cable,262045
11/7/2015,Cable,262963
11/28/2015,Cable,260417
11/28/2015,Cable,260417
12/8/2015,Cable,262591
11/14/2015,Cable,263408
11/1/2015,Cable,259650
11/7/2015,Cable,260872
11/13/2015,Broadcast,261913
11/17/2015,Cable,262675
11/7/2015,Broadcast,259057
11/6/2015,Cable,264312
11/10/2015,Broadcast,263881
11/28/2015,Cable,258296
11/28/2015,Cable,258296
11/14/2015,Cable,260539
12/10/2015,Cable,264348
12/9/2015,Cable,264480
11/6/2015,Cable,261144
12/8/2015,Cable,259745
11/20/2015,Cable,260894
11/5/2015,Cable,263276
11/5/2015,Cable,267779
11/6/2015,Cable,269784
11/5/2015,Cable,269138
11/29/2015,Cable,266140
11/29/2015,Cable,266140
11/8/2015,Cable,268243
11/13/2015,Cable,266000
11/20/2015,Cable,269359
11/11/2015,Cable,266548
11/13/2015,Cable,270316
11/22/2015,Cable,267156
11/8/2015,Cable,264858
11/22/2015,Cable,266844
11/24/2015,Cable,265662
11/4/2015,Broadcast,265996
11/14/2015,Broadcast,270922
11/14/2015,Broadcast,268911
11/28/2015,Broadcast,266985
11/28/2015,Broadcast,266985
11/23/2015,Broadcast,268271
11/23/2015,Broadcast,268271
11/26/2015,Cable,266634
11/7/2015,Broadcast,266485
11/29/2015,Cable,266628
11/6/2015,Cable,267573
11/7/2015,Cable,266497
11/2/2015,Cable,270225
11/11/2015,Broadcast,267593
11/21/2015,Cable,265161
11/10/2015,Cable,270744
11/29/2015,Cable,267742
11/29/2015,Cable,267742
11/5/2015,Cable,267675
11/7/2015,Broadcast,265776
11/23/2015,Broadcast,268303
11/17/2015,Broadcast,269402
11/4/2015,Cable,268601
11/10/2015,Cable,267379
11/10/2015,Cable,265535
12/9/2015,Cable,268899
11/29/2015,Cable,270979
11/29/2015,Cable,270979
11/25/2015,Cable,268751
11/25/2015,Cable,268751
11/25/2015,Cable,269040
11/27/2015,Broadcast,266507
11/25/2015,Cable,269040
11/27/2015,Broadcast,266507
12/1/2015,Cable,267571
11/7/2015,Broadcast,264903
11/28/2015,Cable,265459
11/6/2015,Cable,273916
11/3/2015,Cable,277216
11/7/2015,Cable,277203
11/27/2015,Cable,271250
11/27/2015,Cable,271250
11/6/2015,Cable,274747
11/13/2015,Cable,272203
11/4/2015,Broadcast,274700
11/8/2015,Cable,276634
11/1/2015,Cable,275480
11/29/2015,Cable,272162
11/28/2015,Cable,271759
11/28/2015,Cable,271759
11/7/2015,Cable,273934
11/7/2015,Broadcast,274257
11/14/2015,Cable,274200
11/9/2015,Cable,271444
11/21/2015,Cable,276712
11/7/2015,Cable,273840
11/30/2015,Cable,276697
11/30/2015,Cable,276697
12/2/2015,Cable,273995
11/24/2015,Cable,273049
11/24/2015,Cable,273049
11/30/2015,Cable,274734
11/30/2015,Cable,274734
12/3/2015,Broadcast,276778
11/6/2015,Cable,274853
11/24/2015,Cable,275914
11/24/2015,Cable,275914
11/7/2015,Cable,274512
12/8/2015,Cable,277039
11/12/2015,Cable,279377
11/12/2015,Cable,279711
11/18/2015,Cable,278848
11/11/2015,Cable,277583
11/19/2015,Cable,283456
11/3/2015,Cable,281261
11/28/2015,Broadcast,283505
11/28/2015,Broadcast,283505
11/4/2015,Broadcast,282712
11/13/2015,Cable,279590
11/15/2015,Cable,282918
11/7/2015,Broadcast,282421
11/7/2015,Cable,281394
11/14/2015,Cable,283464
11/20/2015,Cable,283669
11/30/2015,Cable,280385
11/30/2015,Cable,280385
11/22/2015,Cable,278829
11/22/2015,Cable,278829
11/24/2015,Cable,280140
11/17/2015,Cable,278238
12/1/2015,Broadcast,281366
11/16/2015,Broadcast,277742
11/9/2015,Cable,277538
12/9/2015,Broadcast,278405
11/5/2015,Cable,280307
11/6/2015,Cable,281517
11/10/2015,Cable,277616
11/16/2015,Broadcast,284460
11/8/2015,Cable,284465
11/7/2015,Cable,284930
11/21/2015,Cable,286859
11/8/2015,Cable,285276
11/11/2015,Cable,288864
11/18/2015,Broadcast,288973
11/20/2015,Cable,288913
11/16/2015,Cable,285963
11/29/2015,Cable,288600
12/2/2015,Cable,287282
12/7/2015,Cable,288147
11/27/2015,Cable,288925
11/27/2015,Cable,288925
11/23/2015,Cable,285041
11/23/2015,Cable,285041
11/7/2015,Broadcast,287730
11/30/2015,Cable,288578
11/30/2015,Cable,288578
11/27/2015,Broadcast,284545
12/8/2015,Cable,287812
11/7/2015,Broadcast,285818
11/7/2015,Broadcast,285818
11/5/2015,Cable,287751
11/17/2015,Cable,283873
11/27/2015,Cable,283950
11/23/2015,Cable,284719
11/24/2015,Broadcast,283861
11/7/2015,Cable,284337
11/3/2015,Broadcast,291249
11/15/2015,Cable,293184
11/13/2015,Cable,290803
11/10/2015,Cable,292748
11/8/2015,Cable,292958
11/16/2015,Broadcast,290993
11/16/2015,Broadcast,290993
11/20/2015,Cable,291319
11/30/2015,Cable,291759
11/28/2015,Broadcast,296476
11/28/2015,Broadcast,296476
11/15/2015,Cable,294363
11/29/2015,Cable,291709
11/29/2015,Cable,291709
11/23/2015,Cable,291567
11/4/2015,Broadcast,292902
11/23/2015,Broadcast,291093
11/23/2015,Broadcast,291093
11/23/2015,Broadcast,291093
11/23/2015,Broadcast,291093
11/6/2015,Cable,293471
11/6/2015,Cable,292771
12/8/2015,Cable,296116
11/21/2015,Cable,294266
11/12/2015,Cable,294404
12/2/2015,Broadcast,293195
12/1/2015,Broadcast,291584
12/4/2015,Broadcast,300656
11/11/2015,Broadcast,302307
11/21/2015,Broadcast,301323
11/13/2015,Cable,300500
11/21/2015,Cable,300763
11/13/2015,Cable,302149
11/9/2015,Cable,296654
11/10/2015,Cable,296915
11/25/2015,Cable,300965
11/17/2015,Broadcast,298386
11/29/2015,Cable,298631
11/6/2015,Cable,296652
11/28/2015,Broadcast,298010
11/28/2015,Broadcast,298010
11/28/2015,Broadcast,301814
11/28/2015,Broadcast,301814
11/16/2015,Broadcast,301841
11/13/2015,Cable,300905
11/6/2015,Cable,302726
11/30/2015,Cable,301678
11/17/2015,Cable,297622
12/4/2015,Cable,298027
11/5/2015,Cable,301584
11/12/2015,Cable,299012
11/14/2015,Cable,296825
11/24/2015,Broadcast,305731
11/21/2015,Cable,307721
11/2/2015,Cable,304284
11/11/2015,Cable,305440
11/10/2015,Broadcast,303619
11/7/2015,Broadcast,308290
11/19/2015,Cable,307857
11/14/2015,Broadcast,307172
11/6/2015,Cable,306895
12/8/2015,Cable,304250
11/27/2015,Broadcast,303385
11/24/2015,Broadcast,303182
11/30/2015,Cable,303840
11/17/2015,Cable,309223
11/30/2015,Cable,307639
11/23/2015,Broadcast,306253
11/30/2015,Cable,307639
11/23/2015,Broadcast,306253
11/1/2015,Cable,307019
11/7/2015,Broadcast,303505
11/17/2015,Cable,304912
11/30/2015,Cable,304352
11/30/2015,Cable,304352
11/16/2015,Broadcast,304354
11/27/2015,Broadcast,313526
11/27/2015,Broadcast,313526
11/2/2015,Cable,311239
11/10/2015,Cable,313449
11/25/2015,Cable,310461
11/24/2015,Broadcast,312486
11/25/2015,Cable,310788
11/6/2015,Cable,311705
11/25/2015,Cable,314102
11/14/2015,Broadcast,311163
11/28/2015,Broadcast,309499
11/28/2015,Broadcast,309499
11/10/2015,Broadcast,310636
11/6/2015,Cable,315140
11/17/2015,Broadcast,311612
11/23/2015,Cable,309308
11/6/2015,Cable,314126
12/1/2015,Cable,311730
11/24/2015,Broadcast,310592
12/9/2015,Cable,313524
11/7/2015,Broadcast,313352
11/27/2015,Cable,310791
11/27/2015,Cable,310791
11/14/2015,Cable,309452
11/25/2015,Cable,315174
11/25/2015,Cable,315174
11/11/2015,Cable,313254
11/21/2015,Cable,310937
11/2/2015,Broadcast,312988
11/21/2015,Cable,316729
11/13/2015,Cable,321813
11/29/2015,Broadcast,319450
11/29/2015,Broadcast,319450
11/14/2015,Broadcast,319120
11/16/2015,Broadcast,316949
11/29/2015,Cable,320685
11/14/2015,Broadcast,318350
11/13/2015,Cable,316457
11/25/2015,Cable,317280
11/25/2015,Cable,317280
11/27/2015,Broadcast,320370
11/27/2015,Broadcast,320370
11/30/2015,Cable,316685
11/30/2015,Cable,316685
11/11/2015,Cable,320920
11/11/2015,Cable,326976
11/21/2015,Cable,325591
11/19/2015,Cable,327632
11/7/2015,Broadcast,326418
11/20/2015,Broadcast,326254
12/1/2015,Cable,327831
12/6/2015,Cable,326255
12/8/2015,Cable,325682
12/8/2015,Cable,325089
11/13/2015,Cable,323243
11/3/2015,Cable,329782
11/10/2015,Broadcast,329100
11/9/2015,Cable,330128
11/9/2015,Cable,330365
11/13/2015,Cable,333941
11/25/2015,Cable,329021
11/7/2015,Broadcast,334716
11/29/2015,Cable,330678
11/29/2015,Cable,330678
11/11/2015,Broadcast,332948
11/7/2015,Cable,329700
11/5/2015,Broadcast,329385
11/7/2015,Cable,334563
11/7/2015,Broadcast,334714
11/30/2015,Cable,330355
11/30/2015,Cable,330355
12/3/2015,Broadcast,332621
11/30/2015,Cable,332268
11/9/2015,Cable,335562
11/12/2015,Cable,336104
11/16/2015,Broadcast,338217
11/29/2015,Cable,335714
11/29/2015,Cable,335714
11/30/2015,Cable,335436
11/29/2015,Cable,337896
11/3/2015,Cable,338273
11/20/2015,Cable,335130
11/9/2015,Broadcast,335196
11/22/2015,Cable,335628
11/22/2015,Cable,335628
11/20/2015,Broadcast,337802
11/10/2015,Broadcast,339127
11/13/2015,Cable,340551
11/25/2015,Broadcast,347585
11/13/2015,Cable,347106
11/27/2015,Cable,343471
11/30/2015,Cable,343761
11/27/2015,Cable,343471
11/30/2015,Cable,343761
11/13/2015,Cable,345675
11/21/2015,Broadcast,341806
11/19/2015,Cable,343999
11/8/2015,Cable,341775
11/25/2015,Cable,345550
11/25/2015,Cable,345550
11/15/2015,Cable,343886
11/12/2015,Broadcast,345793
12/7/2015,Cable,346808
12/7/2015,Cable,341701
11/8/2015,Cable,341406
11/30/2015,Cable,345376
11/23/2015,Cable,343510
11/23/2015,Cable,343510
11/30/2015,Cable,341848
11/30/2015,Cable,341848
11/27/2015,Cable,343931
11/30/2015,Cable,351089
11/30/2015,Cable,351089
12/2/2015,Broadcast,349803
11/27/2015,Cable,349703
11/27/2015,Cable,349703
11/27/2015,Cable,349703
11/10/2015,Cable,350019
11/24/2015,Broadcast,352769
11/22/2015,Cable,351783
11/22/2015,Cable,352239
11/22/2015,Cable,350886
11/16/2015,Broadcast,353288
11/6/2015,Cable,347626
11/23/2015,Cable,352697
11/23/2015,Cable,352697
11/11/2015,Broadcast,348412
11/27/2015,Cable,353795
11/17/2015,Broadcast,358296
11/10/2015,Cable,356171
11/28/2015,Broadcast,359681
11/28/2015,Broadcast,359681
11/25/2015,Cable,358034
11/4/2015,Broadcast,355634
11/21/2015,Broadcast,357841
11/4/2015,Broadcast,357514
11/7/2015,Broadcast,354852
11/10/2015,Broadcast,356577
11/25/2015,Cable,357829
11/25/2015,Cable,357829
11/30/2015,Cable,359931
11/27/2015,Cable,360109
11/27/2015,Cable,360109
11/12/2015,Broadcast,358069
11/2/2015,Cable,359685
11/9/2015,Cable,356099
11/13/2015,Broadcast,365428
11/30/2015,Cable,363060
11/30/2015,Cable,363060
11/30/2015,Cable,363060
11/21/2015,Cable,366494
11/26/2015,Broadcast,362577
11/26/2015,Broadcast,362577
11/12/2015,Broadcast,362348
11/5/2015,Broadcast,365787
11/20/2015,Cable,362961
12/3/2015,Cable,360557
11/27/2015,Cable,364459
11/27/2015,Cable,364459
11/26/2015,Broadcast,368924
11/6/2015,Broadcast,371187
11/26/2015,Broadcast,368924
11/26/2015,Broadcast,368924
12/6/2015,Cable,369350
12/2/2015,Cable,368281
11/11/2015,Broadcast,372631
11/25/2015,Broadcast,372764
11/1/2015,Cable,372417
11/7/2015,Cable,372610
12/7/2015,Broadcast,369040
12/8/2015,Cable,368432
11/23/2015,Broadcast,377728
11/7/2015,Cable,378619
11/4/2015,Broadcast,375746
11/16/2015,Broadcast,374696
11/20/2015,Cable,374659
11/11/2015,Broadcast,383959
11/17/2015,Broadcast,380410
11/27/2015,Cable,384878
11/27/2015,Cable,384878
11/25/2015,Cable,384085
12/8/2015,Broadcast,379739
11/25/2015,Cable,384085
11/7/2015,Cable,385138
11/16/2015,Cable,384436
12/7/2015,Cable,383584
11/8/2015,Cable,385221
11/25/2015,Cable,385475
11/25/2015,Cable,385475
11/29/2015,Cable,386710
11/29/2015,Cable,386710
11/20/2015,Broadcast,386461
11/19/2015,Broadcast,391007
11/5/2015,Broadcast,385956
11/10/2015,Broadcast,386392
11/24/2015,Broadcast,386770
11/20/2015,Cable,386077
11/14/2015,Cable,389032
11/3/2015,Broadcast,385978
11/7/2015,Cable,389048
11/4/2015,Cable,389753
11/4/2015,Cable,397076
11/29/2015,Cable,397330
11/23/2015,Broadcast,395366
11/8/2015,Cable,396965
12/6/2015,Broadcast,396360
11/24/2015,Broadcast,396613
11/6/2015,Broadcast,394991
11/14/2015,Broadcast,397446
11/26/2015,Broadcast,396036
11/23/2015,Broadcast,401732
11/4/2015,Cable,402685
11/2/2015,Cable,403928
12/4/2015,Broadcast,401649
11/2/2015,Broadcast,404936
11/30/2015,Broadcast,410428
11/30/2015,Broadcast,410428
11/27/2015,Broadcast,406515
11/21/2015,Broadcast,409293
11/18/2015,Broadcast,408443
11/24/2015,Broadcast,409825
11/18/2015,Broadcast,406013
12/8/2015,Cable,405677
11/20/2015,Cable,407544
11/28/2015,Cable,405114
11/4/2015,Cable,415811
12/5/2015,Broadcast,416830
11/22/2015,Cable,415934
11/25/2015,Cable,416905
11/25/2015,Cable,416905
11/20/2015,Broadcast,416019
11/25/2015,Cable,416219
11/25/2015,Cable,416219
11/28/2015,Cable,414374
12/6/2015,Cable,419474
11/21/2015,Broadcast,419991
11/6/2015,Broadcast,419019
11/17/2015,Broadcast,418990
11/23/2015,Cable,420744
11/15/2015,Cable,419290
11/9/2015,Broadcast,420379
11/17/2015,Broadcast,422486
11/17/2015,Broadcast,421688
11/27/2015,Broadcast,419590
12/4/2015,Broadcast,422583
11/25/2015,Broadcast,425335
11/4/2015,Broadcast,427023
11/20/2015,Broadcast,426919
11/18/2015,Broadcast,429216
11/18/2015,Broadcast,427467
11/11/2015,Broadcast,425508
11/9/2015,Broadcast,428200
12/6/2015,Cable,435337
11/23/2015,Broadcast,433370
11/13/2015,Broadcast,435380
11/23/2015,Broadcast,433370
11/17/2015,Broadcast,441880
11/22/2015,Cable,440381
11/6/2015,Broadcast,442747
11/11/2015,Broadcast,440575
11/28/2015,Cable,441552
11/28/2015,Cable,441552
11/20/2015,Broadcast,438125
11/23/2015,Broadcast,447624
11/15/2015,Cable,454325
11/6/2015,Broadcast,450743
11/25/2015,Broadcast,454055
11/24/2015,Broadcast,450185
11/23/2015,Cable,450744
11/20/2015,Broadcast,451179
11/5/2015,Broadcast,458356
12/3/2015,Broadcast,458136
11/19/2015,Broadcast,457577
11/21/2015,Broadcast,459468
11/25/2015,Broadcast,458110
11/25/2015,Broadcast,458110
11/6/2015,Broadcast,460149
11/10/2015,Broadcast,461120
11/20/2015,Broadcast,462463
12/1/2015,Broadcast,461934
11/10/2015,Broadcast,466322
11/10/2015,Broadcast,463843
11/27/2015,Broadcast,467477
11/27/2015,Broadcast,467477
11/29/2015,Cable,465742
11/29/2015,Cable,465742
11/16/2015,Broadcast,469266
11/24/2015,Broadcast,474398
11/17/2015,Broadcast,471740
11/12/2015,Broadcast,474217
11/4/2015,Broadcast,477472
12/6/2015,Cable,479574
11/11/2015,Broadcast,479017
12/8/2015,Broadcast,476049
12/6/2015,Broadcast,483704
11/24/2015,Broadcast,484879
11/24/2015,Broadcast,484879
11/10/2015,Broadcast,493510
12/4/2015,Cable,490875
11/22/2015,Cable,492060
11/19/2015,Broadcast,489515
11/4/2015,Broadcast,499688
11/5/2015,Broadcast,501711
11/27/2015,Broadcast,502058
11/27/2015,Broadcast,502058
11/5/2015,Broadcast,501243
12/8/2015,Broadcast,502090
11/22/2015,Broadcast,505991
11/17/2015,Broadcast,507117
11/18/2015,Broadcast,508314
11/29/2015,Broadcast,512225
11/27/2015,Broadcast,518979
11/10/2015,Broadcast,518426
11/3/2015,Broadcast,515250
11/16/2015,Broadcast,518388
11/4/2015,Broadcast,518855
11/17/2015,Broadcast,518794
11/25/2015,Broadcast,517867
11/25/2015,Broadcast,524597
11/25/2015,Broadcast,524597
11/10/2015,Broadcast,524606
11/8/2015,Broadcast,522961
11/11/2015,Broadcast,525805
11/24/2015,Broadcast,523966
11/6/2015,Broadcast,531482
11/16/2015,Broadcast,532290
11/24/2015,Broadcast,535089
11/10/2015,Broadcast,542401
12/1/2015,Cable,546738
11/9/2015,Broadcast,547589
11/6/2015,Broadcast,556087
11/9/2015,Broadcast,557701
12/2/2015,Broadcast,555334
12/9/2015,Broadcast,552267
11/5/2015,Broadcast,566604
11/13/2015,Broadcast,572930
11/22/2015,Broadcast,572762
11/22/2015,Broadcast,572762
11/5/2015,Broadcast,572187
12/2/2015,Broadcast,582592
11/28/2015,Broadcast,582512
11/25/2015,Broadcast,583620
11/20/2015,Broadcast,584396
11/9/2015,Broadcast,594643
12/2/2015,Broadcast,598192
11/18/2015,Broadcast,597191
11/4/2015,Broadcast,596889
12/2/2015,Broadcast,600797
11/28/2015,Broadcast,605030
11/28/2015,Broadcast,605030
12/3/2015,Cable,612539
11/9/2015,Broadcast,613199
11/28/2015,Broadcast,612282
11/28/2015,Broadcast,612282
11/28/2015,Broadcast,612282
11/28/2015,Broadcast,612282
11/9/2015,Broadcast,613210
11/12/2015,Broadcast,621959
11/10/2015,Broadcast,618144
11/16/2015,Broadcast,625160
12/7/2015,Cable,625958
11/26/2015,Broadcast,639484
11/26/2015,Broadcast,639484
11/23/2015,Broadcast,639750
11/16/2015,Broadcast,645764
11/23/2015,Broadcast,647413
11/23/2015,Broadcast,647413
12/6/2015,Broadcast,644480
11/20/2015,Broadcast,643278
12/4/2015,Broadcast,649676
12/5/2015,Cable,651388
11/28/2015,Broadcast,657836
11/13/2015,Broadcast,657128
12/6/2015,Broadcast,655853
11/4/2015,Broadcast,664516
11/11/2015,Broadcast,662009
11/16/2015,Broadcast,663374
11/18/2015,Broadcast,664792
11/20/2015,Broadcast,665770
11/23/2015,Broadcast,661638
12/1/2015,Broadcast,671354
11/4/2015,Broadcast,670286
11/11/2015,Broadcast,669141
11/28/2015,Broadcast,668388
11/11/2015,Broadcast,669168
11/24/2015,Broadcast,679188
11/30/2015,Broadcast,673884
11/30/2015,Broadcast,673884
11/5/2015,Broadcast,679048
11/25/2015,Broadcast,679203
12/9/2015,Cable,676543
11/4/2015,Broadcast,675098
12/3/2015,Broadcast,679942
11/18/2015,Broadcast,683999
11/17/2015,Broadcast,688114
11/25/2015,Broadcast,697748
11/25/2015,Broadcast,697748
11/10/2015,Broadcast,693801
11/25/2015,Broadcast,696308
11/8/2015,Broadcast,695882
12/4/2015,Cable,696649
12/10/2015,Cable,702914
11/29/2015,Broadcast,701011
11/29/2015,Broadcast,701011
12/4/2015,Broadcast,713247
11/13/2015,Broadcast,728004
11/24/2015,Broadcast,728329
11/23/2015,Broadcast,730716
11/29/2015,Cable,732443
11/29/2015,Cable,732443
12/9/2015,Cable,736061
12/4/2015,Broadcast,743051
11/5/2015,Broadcast,741829
12/6/2015,Broadcast,741946
12/4/2015,Cable,737325
11/9/2015,Broadcast,740072
11/24/2015,Broadcast,747052
11/2/2015,Cable,745989
11/20/2015,Broadcast,750529
11/24/2015,Broadcast,754698
11/24/2015,Broadcast,754698
11/9/2015,Broadcast,752094
11/23/2015,Broadcast,762408
11/23/2015,Broadcast,762408
12/7/2015,Broadcast,757316
12/6/2015,Broadcast,766320
11/6/2015,Broadcast,771681
11/8/2015,Broadcast,771804
12/7/2015,Broadcast,772262
11/16/2015,Broadcast,771931
12/10/2015,Broadcast,791727
11/18/2015,Broadcast,790472
12/4/2015,Cable,793643
12/7/2015,Broadcast,797616
11/23/2015,Broadcast,801852
11/23/2015,Broadcast,801852
12/5/2015,Cable,804876
11/11/2015,Broadcast,811950
12/7/2015,Cable,808196
11/18/2015,Broadcast,808961
12/2/2015,Broadcast,812025
11/13/2015,Broadcast,819704
11/16/2015,Broadcast,816512
12/10/2015,Cable,822576
11/8/2015,Broadcast,821762
11/27/2015,Broadcast,822657
11/27/2015,Broadcast,822657
11/22/2015,Cable,830237
11/2/2015,Broadcast,844214
11/9/2015,Broadcast,842205
11/28/2015,Broadcast,856144
11/28/2015,Broadcast,856144
11/28/2015,Broadcast,856144
12/1/2015,Broadcast,859877
11/8/2015,Cable,872268
11/4/2015,Broadcast,888360
11/15/2015,Broadcast,890877
11/9/2015,Broadcast,892306
12/5/2015,Broadcast,899924
11/4/2015,Broadcast,901933
11/30/2015,Broadcast,912050
11/30/2015,Broadcast,912050
11/12/2015,Broadcast,915208
12/1/2015,Cable,915124
12/1/2015,Broadcast,916405
11/3/2015,Broadcast,921739
12/6/2015,Cable,924547
11/8/2015,Cable,926765
11/12/2015,Broadcast,928615
11/15/2015,Cable,932139
11/11/2015,Broadcast,933417
11/28/2015,Broadcast,951955
12/5/2015,Cable,974009
11/24/2015,Broadcast,974786
11/24/2015,Broadcast,974786
12/8/2015,Broadcast,987395
12/5/2015,Cable,997581
12/9/2015,Broadcast,1000928
12/2/2015,Broadcast,1043473
11/11/2015,Broadcast,1049393
11/26/2015,Broadcast,1064369
11/26/2015,Broadcast,1064369
11/5/2015,Broadcast,1080148
11/30/2015,Broadcast,1085715
11/30/2015,Broadcast,1085715
12/2/2015,Broadcast,1117574
11/16/2015,Broadcast,1150897
11/3/2015,Broadcast,1157356
11/24/2015,Broadcast,1153855
11/24/2015,Broadcast,1153855
12/5/2015,Cable,1160361
11/24/2015,Broadcast,1190227
11/24/2015,Broadcast,1190227
12/5/2015,Cable,1212572
11/2/2015,Broadcast,1246257
11/18/2015,Broadcast,1269983
12/8/2015,Broadcast,1294806
11/23/2015,Broadcast,1310342
11/9/2015,Broadcast,1324331
11/5/2015,Broadcast,1394538
11/12/2015,Broadcast,1472303
11/5/2015,Broadcast,1569531
11/30/2015,Broadcast,1608068
11/30/2015,Broadcast,1608068
11/23/2015,Broadcast,1634802
11/23/2015,Broadcast,1634802
11/24/2015,Broadcast,1680252
11/24/2015,Broadcast,1680252
12/1/2015,Broadcast,1697777
12/8/2015,Broadcast,1768066
11/23/2015,Broadcast,1769175
11/24/2015,Broadcast,1791735
11/30/2015,Broadcast,1940833
11/30/2015,Broadcast,1940833
11/9/2015,Broadcast,2251992
11/15/2015,Cable,2511886
11/18/2015,Broadcast,2596733
11/4/2015,Broadcast,2791273
12/3/2015,Broadcast,2859598
11/29/2015,Cable,222831
11/29/2015,Cable,222831
11/29/2015,Cable,243751
11/29/2015,Cable,243751
11/29/2015,Cable,241047
11/29/2015,Cable,241047
11/29/2015,Cable,253446
11/29/2015,Cable,247710
11/30/2015,Cable,231817
11/30/2015,Cable,219944
11/30/2015,Cable,238405
12/1/2015,Cable,131316
12/2/2015,Cable,151927
12/2/2015,Cable,189129
11/30/2015,Cable,238234
11/30/2015,Cable,240717
11/30/2015,Cable,240717
12/2/2015,Cable,230409
12/3/2015,Cable,259337
12/3/2015,Cable,218746
12/4/2015,Cable,205169
12/5/2015,Cable,218239
12/5/2015,Cable,220380
12/5/2015,Cable,241739
12/5/2015,Cable,297021
12/5/2015,Cable,306987
12/6/2015,Cable,352211
11/30/2015,Cable,185125
11/30/2015,Cable,185125
12/1/2015,Cable,189941
12/3/2015,Cable,281878
12/5/2015,Cable,246316
12/6/2015,Cable,342908
11/30/2015,Cable,132445
11/30/2015,Cable,132445
11/30/2015,Cable,157123
11/30/2015,Cable,157123
11/30/2015,Cable,167846
11/30/2015,Cable,172181
11/30/2015,Cable,245173
11/30/2015,Cable,311808
11/30/2015,Cable,293118
11/30/2015,Cable,299166
12/1/2015,Cable,133145
12/1/2015,Cable,136515
12/1/2015,Cable,178440
12/1/2015,Cable,129221
11/30/2015,Cable,165734
11/30/2015,Cable,312729
11/30/2015,Cable,366787
11/30/2015,Cable,311808
11/30/2015,Cable,250572
11/30/2015,Cable,183514
12/2/2015,Cable,152709
12/2/2015,Cable,226207
12/2/2015,Cable,174953
12/3/2015,Cable,147676
12/3/2015,Cable,136520
12/3/2015,Cable,260746
12/3/2015,Cable,259522
12/3/2015,Cable,242325
12/4/2015,Cable,240984
12/4/2015,Cable,316908
12/4/2015,Cable,288403
12/4/2015,Cable,279459
12/5/2015,Cable,66501
12/5/2015,Cable,231952
12/5/2015,Cable,290236
12/5/2015,Cable,284954
12/5/2015,Cable,319154
12/5/2015,Cable,270776
12/6/2015,Cable,298213
12/6/2015,Cable,218694
12/6/2015,Cable,197293
12/7/2015,Cable,265307
12/8/2015,Cable,204493
12/8/2015,Cable,222199
12/8/2015,Cable,236438
12/8/2015,Cable,260192
12/9/2015,Cable,154536
12/9/2015,Cable,170622
12/10/2015,Cable,174028
12/8/2015,Cable,250226
12/8/2015,Cable,245420
12/8/2015,Cable,250804
12/7/2015,Cable,137768
12/7/2015,Cable,109681
12/7/2015,Cable,146176
12/7/2015,Cable,231359
12/7/2015,Cable,205386
12/7/2015,Cable,226802
12/7/2015,Cable,220675
12/8/2015,Cable,177603
12/8/2015,Cable,193400
12/8/2015,Cable,173358
12/8/2015,Cable,296607
12/8/2015,Cable,232335
12/8/2015,Cable,238725
12/8/2015,Cable,232499
12/9/2015,Cable,238202
12/9/2015,Cable,220925
12/9/2015,Cable,189651
12/9/2015,Cable,170265
12/9/2015,Cable,159848
12/10/2015,Cable,207888
12/10/2015,Cable,247656
12/10/2015,Cable,185806
11/29/2015,Cable,27180
11/29/2015,Cable,27180
11/29/2015,Cable,26763
11/29/2015,Cable,21540
11/29/2015,Cable,21540
11/29/2015,Cable,10783
11/29/2015,Cable,20857
11/29/2015,Cable,20857
11/29/2015,Cable,31024
11/29/2015,Cable,31024
11/29/2015,Cable,40336
11/29/2015,Cable,40336
11/29/2015,Cable,33344
11/29/2015,Cable,33344
11/29/2015,Cable,18220
11/29/2015,Cable,16296
11/29/2015,Cable,22361
11/29/2015,Cable,19488
11/29/2015,Cable,15984
11/29/2015,Cable,20414
11/29/2015,Cable,20414
12/1/2015,Cable,45334
12/1/2015,Cable,39107
11/30/2015,Cable,46570
11/30/2015,Cable,58185
11/30/2015,Cable,58185
11/30/2015,Cable,39754
11/30/2015,Cable,41892
11/30/2015,Cable,41892
11/30/2015,Cable,35500
11/30/2015,Cable,32643
11/30/2015,Cable,21268
11/30/2015,Cable,21268
12/1/2015,Cable,20046
12/2/2015,Cable,21400
12/2/2015,Cable,20840
12/2/2015,Cable,17723
12/2/2015,Cable,10337
12/3/2015,Cable,20215
12/3/2015,Cable,11267
12/4/2015,Cable,28209
12/4/2015,Cable,64012
12/4/2015,Cable,63770
12/6/2015,Cable,34310
12/6/2015,Cable,24701
11/30/2015,Cable,29778
11/30/2015,Cable,29778
11/30/2015,Cable,23684
11/30/2015,Cable,23684
11/30/2015,Cable,30011
11/30/2015,Cable,31994
11/30/2015,Cable,49219
11/30/2015,Cable,49992
11/30/2015,Cable,52892
11/30/2015,Cable,44075
11/30/2015,Cable,32690
11/30/2015,Cable,38811
11/30/2015,Cable,25901
11/30/2015,Cable,13803
11/30/2015,Cable,812
11/30/2015,Cable,26335
11/30/2015,Cable,26335
11/30/2015,Cable,49485
11/30/2015,Cable,42309
11/30/2015,Cable,2393
11/30/2015,Cable,19329
11/30/2015,Cable,32782
11/30/2015,Cable,32782
11/30/2015,Cable,20481
11/30/2015,Cable,40607
12/1/2015,Cable,23606
12/1/2015,Cable,15997
12/1/2015,Cable,16058
12/1/2015,Cable,17899
12/1/2015,Cable,9931
12/1/2015,Cable,5607
12/1/2015,Cable,8310
12/1/2015,Cable,6226
12/1/2015,Cable,11980
12/1/2015,Cable,70674
12/2/2015,Cable,20395
12/2/2015,Cable,2489
12/2/2015,Cable,1578
12/2/2015,Cable,3589
12/2/2015,Cable,5788
12/2/2015,Cable,29571
12/2/2015,Cable,61873
12/2/2015,Cable,52731
12/2/2015,Cable,54401
12/3/2015,Cable,44524
12/3/2015,Cable,17427
12/3/2015,Cable,22488
12/3/2015,Cable,19853
12/3/2015,Cable,24323
12/3/2015,Cable,35438
12/3/2015,Cable,20031
12/3/2015,Cable,17836
12/3/2015,Cable,22618
12/4/2015,Cable,19883
12/4/2015,Cable,14917
12/4/2015,Cable,43343
12/4/2015,Cable,42336
12/4/2015,Cable,25147
12/4/2015,Cable,22195
12/4/2015,Cable,24367
12/4/2015,Cable,32974
12/4/2015,Cable,33483
12/4/2015,Cable,28509
12/5/2015,Cable,29263
12/5/2015,Cable,31008
12/5/2015,Cable,33668
12/5/2015,Cable,30954
12/5/2015,Cable,24295
12/5/2015,Cable,40028
12/5/2015,Cable,73408
12/6/2015,Cable,11181
12/6/2015,Cable,20454
12/6/2015,Cable,16445
12/6/2015,Cable,11825
12/6/2015,Cable,4514
12/6/2015,Cable,8905
12/6/2015,Cable,39159
11/30/2015,Cable,42634
11/30/2015,Cable,42634
11/30/2015,Cable,48330
11/30/2015,Cable,54836
11/30/2015,Cable,48293
11/30/2015,Cable,76780
11/30/2015,Cable,65225
11/30/2015,Cable,62101
11/30/2015,Cable,59975
12/1/2015,Cable,30135
12/1/2015,Cable,36422
12/1/2015,Cable,34354
12/1/2015,Cable,40875
12/6/2015,Cable,10639
12/7/2015,Cable,57713
12/7/2015,Cable,55069
12/7/2015,Cable,53630
12/7/2015,Cable,42600
12/7/2015,Cable,33321
12/8/2015,Cable,49868
12/8/2015,Cable,48293
12/8/2015,Cable,36329
12/8/2015,Cable,29574
12/9/2015,Cable,44841
12/9/2015,Cable,49770
12/9/2015,Cable,42289
12/10/2015,Cable,21482
12/10/2015,Cable,64236
12/10/2015,Cable,35861
12/7/2015,Cable,45839
12/7/2015,Cable,44615
12/7/2015,Cable,60912
12/7/2015,Cable,42270
12/7/2015,Cable,39093
12/7/2015,Cable,17599
12/7/2015,Cable,18463
12/7/2015,Cable,24304
12/7/2015,Cable,22952
12/7/2015,Cable,22831
12/7/2015,Cable,43110
12/7/2015,Cable,42919
12/8/2015,Cable,34009
12/8/2015,Cable,41179
12/8/2015,Cable,3695
12/8/2015,Cable,17260
12/8/2015,Cable,7224
12/8/2015,Cable,12203
12/8/2015,Cable,27015
12/8/2015,Cable,25980
12/8/2015,Cable,16594
12/8/2015,Cable,43080
12/8/2015,Cable,25814
12/9/2015,Cable,20493
12/9/2015,Cable,11307
12/9/2015,Cable,17537
12/9/2015,Cable,24527
12/9/2015,Cable,9741
12/9/2015,Cable,12470
12/9/2015,Cable,9171
12/9/2015,Cable,9444
12/9/2015,Cable,47655
12/9/2015,Cable,19000
12/9/2015,Cable,23148
12/10/2015,Cable,15176
12/10/2015,Cable,10473
12/10/2015,Cable,11997
12/10/2015,Cable,20192
12/10/2015,Cable,18224
12/10/2015,Cable,17831
12/10/2015,Cable,3955
12/10/2015,Cable,4188
12/10/2015,Cable,46479
12/10/2015,Cable,19004
12/10/2015,Cable,7989
12/7/2015,Cable,22818
12/7/2015,Cable,82160
12/7/2015,Cable,112365
12/7/2015,Cable,85099
12/8/2015,Cable,19045
12/8/2015,Cable,34356
12/9/2015,Cable,66061
12/9/2015,Cable,62489
12/10/2015,Cable,14598
12/10/2015,Cable,31760
11/30/2015,Cable,11098
11/30/2015,Cable,8314
11/30/2015,Cable,8314
11/30/2015,Cable,8314
12/1/2015,Cable,9490
12/1/2015,Cable,10218
12/1/2015,Cable,9299
12/2/2015,Cable,12846
12/2/2015,Cable,8581
12/3/2015,Cable,8540
12/3/2015,Cable,8832
12/4/2015,Cable,16006
12/4/2015,Cable,17369
12/4/2015,Cable,12807
12/5/2015,Cable,6031
12/5/2015,Cable,8447
11/30/2015,Cable,4503
11/30/2015,Cable,8634
11/30/2015,Cable,14221
12/1/2015,Cable,16698
12/1/2015,Cable,5341
12/1/2015,Cable,5547
12/2/2015,Cable,1972
12/2/2015,Cable,2341
12/3/2015,Cable,9657
12/3/2015,Cable,9513
12/5/2015,Cable,11901
12/5/2015,Cable,21427
12/5/2015,Cable,25289
12/5/2015,Cable,43717
11/30/2015,Cable,16732
12/1/2015,Cable,16645
12/1/2015,Cable,25778
12/2/2015,Cable,24386
12/4/2015,Cable,20394
12/4/2015,Cable,21585
11/30/2015,Cable,23827
11/30/2015,Cable,48974
11/30/2015,Cable,50702
11/30/2015,Cable,51126
11/30/2015,Cable,32465
12/1/2015,Cable,29848
12/1/2015,Cable,29534
12/1/2015,Cable,35754
12/1/2015,Cable,19890
12/1/2015,Cable,20820
12/2/2015,Cable,17414
12/2/2015,Cable,39127
12/2/2015,Cable,11523
12/2/2015,Cable,11445
12/2/2015,Cable,9520
12/3/2015,Cable,29282
12/3/2015,Cable,37599
12/3/2015,Cable,27025
12/3/2015,Cable,27584
12/4/2015,Cable,14779
12/4/2015,Cable,14602
12/4/2015,Cable,22075
12/4/2015,Cable,23199
12/4/2015,Cable,8756
12/4/2015,Cable,17512
12/5/2015,Cable,19942
12/5/2015,Cable,12924
12/5/2015,Cable,17570
12/5/2015,Cable,8268
11/30/2015,Cable,28306
11/30/2015,Cable,42677
11/30/2015,Cable,47226
11/30/2015,Cable,25962
12/1/2015,Cable,17973
12/1/2015,Cable,15068
12/2/2015,Cable,36968
12/3/2015,Cable,7764
12/4/2015,Cable,17499
12/4/2015,Cable,28855
12/4/2015,Cable,18644
12/5/2015,Cable,16274
12/5/2015,Cable,13820
12/5/2015,Cable,12640
12/5/2015,Cable,18639
11/30/2015,Cable,62126
11/30/2015,Cable,77547
11/30/2015,Cable,47441
11/30/2015,Cable,29273
12/1/2015,Cable,20252
12/1/2015,Cable,10465
12/1/2015,Cable,19982
12/2/2015,Cable,32522
12/2/2015,Cable,6655
12/3/2015,Cable,31419
12/3/2015,Cable,18269
12/4/2015,Cable,24717
12/4/2015,Cable,34703
12/4/2015,Cable,39814
12/4/2015,Cable,37952
12/4/2015,Cable,26309
12/5/2015,Cable,15243
12/5/2015,Cable,22622
12/5/2015,Cable,28883
12/5/2015,Cable,31193
12/5/2015,Cable,24702
12/5/2015,Cable,20724
11/30/2015,Cable,49618
11/30/2015,Cable,27462
11/30/2015,Cable,9189
12/1/2015,Cable,25921
12/1/2015,Cable,18592
12/1/2015,Cable,10255
12/2/2015,Cable,14365
12/2/2015,Cable,28028
12/2/2015,Cable,28125
12/2/2015,Cable,15867
12/3/2015,Cable,39057
12/3/2015,Cable,38138
12/3/2015,Cable,23595
12/3/2015,Cable,8540
12/4/2015,Cable,42055
12/4/2015,Cable,34833
12/4/2015,Cable,27757
12/4/2015,Cable,21870
12/5/2015,Cable,16698
12/5/2015,Cable,20845
12/5/2015,Cable,17250
12/5/2015,Cable,4173
12/7/2015,Cable,11173
12/7/2015,Cable,2203
12/8/2015,Cable,11385
12/8/2015,Cable,8661
12/8/2015,Cable,11609
12/8/2015,Cable,15099
12/9/2015,Cable,21295
12/9/2015,Cable,3181
12/10/2015,Cable,7075
12/10/2015,Cable,4663
12/7/2015,Cable,10272
12/8/2015,Cable,28241
12/9/2015,Cable,7076
12/9/2015,Cable,6898
12/9/2015,Cable,4734
12/9/2015,Cable,6668
12/10/2015,Cable,9210
12/10/2015,Cable,26676
12/7/2015,Cable,11744
12/8/2015,Cable,48384
12/9/2015,Cable,6625
12/9/2015,Cable,13710
12/9/2015,Cable,12509
12/9/2015,Cable,20317
12/10/2015,Cable,17672
12/10/2015,Cable,12330
12/7/2015,Cable,32954
12/7/2015,Cable,42201
12/7/2015,Cable,33058
12/7/2015,Cable,14065
12/7/2015,Cable,16358
12/7/2015,Cable,21406
12/8/2015,Cable,37906
12/8/2015,Cable,45642
12/8/2015,Cable,28380
12/8/2015,Cable,23144
12/9/2015,Cable,24350
12/9/2015,Cable,10587
12/9/2015,Cable,8248
12/10/2015,Cable,10910
12/10/2015,Cable,15556
12/10/2015,Cable,11326
12/10/2015,Cable,13498
12/10/2015,Cable,16345
12/7/2015,Cable,26916
12/7/2015,Cable,30457
12/7/2015,Cable,28700
12/7/2015,Cable,12567
12/7/2015,Cable,32340
12/8/2015,Cable,20948
12/8/2015,Cable,20300
12/9/2015,Cable,22052
12/9/2015,Cable,18001
12/9/2015,Cable,20253
12/10/2015,Cable,13152
12/10/2015,Cable,11113
12/10/2015,Cable,4401
12/7/2015,Cable,40394
12/7/2015,Cable,43210
12/7/2015,Cable,39828
12/7/2015,Cable,30341
12/7/2015,Cable,21475
12/8/2015,Cable,15003
12/8/2015,Cable,19589
12/8/2015,Cable,27751
12/8/2015,Cable,32116
12/9/2015,Cable,52098
12/10/2015,Cable,3044
12/10/2015,Cable,23685
12/10/2015,Cable,49436
12/10/2015,Cable,51850
12/7/2015,Cable,16618
12/7/2015,Cable,12171
12/7/2015,Cable,15279
12/7/2015,Cable,14808
12/8/2015,Cable,19277
12/8/2015,Cable,12752
12/8/2015,Cable,2878
12/8/2015,Cable,10492
12/9/2015,Cable,20049
12/9/2015,Cable,21391
12/9/2015,Cable,22929
12/10/2015,Cable,16487
12/10/2015,Cable,20920
12/4/2015,Cable,104820
12/5/2015,Cable,165798
12/2/2015,Cable,84857
12/4/2015,Cable,118683
12/5/2015,Cable,152451
12/2/2015,Cable,76869
12/2/2015,Cable,139616
12/2/2015,Cable,94188
12/3/2015,Cable,94493
12/3/2015,Cable,104143
12/4/2015,Cable,156965
12/3/2015,Cable,103253
12/2/2015,Cable,142696
12/4/2015,Cable,143914
12/5/2015,Cable,135331
12/4/2015,Cable,144928
12/5/2015,Cable,160041
12/2/2015,Cable,98873
12/4/2015,Cable,86541
12/5/2015,Cable,191818
12/4/2015,Cable,110275
12/5/2015,Cable,230168
12/8/2015,Cable,36701
12/9/2015,Cable,117986
12/10/2015,Cable,91542
12/9/2015,Cable,179942
12/7/2015,Cable,85515
12/8/2015,Cable,95637
12/9/2015,Cable,135498
12/8/2015,Cable,166496
12/8/2015,Cable,175305
12/9/2015,Cable,123217
12/10/2015,Cable,116261
12/8/2015,Cable,236462
12/9/2015,Cable,129328
12/8/2015,Cable,108403
11/29/2015,Cable,44087
11/29/2015,Cable,51850
11/29/2015,Cable,55754
11/29/2015,Cable,11298
11/29/2015,Cable,10866
11/29/2015,Cable,16435
11/29/2015,Cable,42602
11/29/2015,Cable,59992
11/29/2015,Cable,57980
11/29/2015,Cable,79745
11/29/2015,Cable,98906
11/29/2015,Cable,77749
11/29/2015,Cable,49963
11/29/2015,Cable,77218
11/29/2015,Cable,52547
12/1/2015,Cable,33745
12/1/2015,Cable,13677
12/1/2015,Cable,7257
12/1/2015,Cable,20782
12/2/2015,Cable,20468
12/2/2015,Cable,19969
12/4/2015,Cable,14028
12/4/2015,Cable,10267
12/4/2015,Cable,14276
12/6/2015,Cable,47196
12/5/2015,Cable,27380
12/5/2015,Cable,22899
12/5/2015,Cable,32012
12/5/2015,Cable,84593
12/5/2015,Cable,45781
12/5/2015,Cable,61976
12/5/2015,Cable,32851
12/5/2015,Cable,43480
12/5/2015,Cable,67677
12/5/2015,Cable,146699
12/5/2015,Cable,68377
12/5/2015,Cable,55805
12/5/2015,Cable,59233
12/6/2015,Cable,38036
12/6/2015,Cable,34259
12/6/2015,Cable,47644
12/6/2015,Cable,52293
12/6/2015,Cable,54256
12/6/2015,Cable,59512
11/30/2015,Cable,21168
11/30/2015,Cable,14573
12/1/2015,Cable,15239
12/1/2015,Cable,28242
12/2/2015,Cable,14393
11/30/2015,Cable,31647
12/1/2015,Cable,67163
12/1/2015,Cable,54827
12/1/2015,Cable,57454
12/1/2015,Cable,41323
12/1/2015,Cable,41116
12/2/2015,Cable,39710
12/2/2015,Cable,39692
12/2/2015,Cable,41612
12/2/2015,Cable,22774
12/2/2015,Cable,54607
12/2/2015,Cable,79058
12/6/2015,Cable,19313
12/8/2015,Cable,27267
12/10/2015,Cable,14956
12/10/2015,Cable,22326
12/7/2015,Cable,16490
12/7/2015,Cable,18333
12/7/2015,Cable,38031
12/7/2015,Cable,40572
12/7/2015,Cable,31850
12/7/2015,Cable,62306
12/7/2015,Cable,63945
12/7/2015,Cable,79188
12/8/2015,Cable,15678
12/8/2015,Cable,30361
12/8/2015,Cable,25671
12/8/2015,Cable,92812
12/8/2015,Cable,59442
12/8/2015,Cable,33980
12/8/2015,Cable,48476
12/9/2015,Cable,15097
12/9/2015,Cable,20457
12/9/2015,Cable,18838
12/9/2015,Cable,24600
12/10/2015,Cable,17327
12/10/2015,Cable,12641
12/10/2015,Cable,23047
12/10/2015,Cable,16687
12/10/2015,Cable,19252
12/10/2015,Cable,26431
12/10/2015,Cable,17248
12/10/2015,Cable,22749
12/5/2015,Cable,52340
11/30/2015,Cable,51485
11/30/2015,Cable,51485
11/30/2015,Cable,52704
11/30/2015,Cable,52704
12/4/2015,Cable,45366
12/4/2015,Cable,57845
11/30/2015,Cable,53874
11/30/2015,Cable,101443
11/30/2015,Cable,101443
11/30/2015,Cable,83419
11/30/2015,Cable,83419
12/1/2015,Cable,81268
12/6/2015,Cable,38901
12/6/2015,Cable,39635
12/5/2015,Cable,53583
12/5/2015,Cable,74114
12/5/2015,Cable,61349
11/30/2015,Cable,265389
11/30/2015,Cable,265389
12/7/2015,Cable,120572
12/7/2015,Cable,42588
12/7/2015,Cable,35498
12/8/2015,Cable,73168
12/9/2015,Cable,70849
12/7/2015,Cable,169412
12/8/2015,Cable,85859
12/8/2015,Cable,156953
12/9/2015,Cable,31450
12/10/2015,Cable,49777
12/9/2015,Cable,95117
12/9/2015,Cable,129263
12/1/2015,Cable,97833
12/1/2015,Cable,106598
12/2/2015,Cable,160779
12/2/2015,Cable,150162
12/3/2015,Cable,162617
12/4/2015,Cable,99453
12/4/2015,Cable,86529
11/30/2015,Cable,365607
11/30/2015,Cable,365607
12/3/2015,Cable,425879
12/3/2015,Cable,452127
12/7/2015,Cable,84105
12/8/2015,Cable,222843
12/9/2015,Cable,122647
12/9/2015,Cable,126608
12/10/2015,Cable,127479
12/7/2015,Cable,347004
12/8/2015,Cable,610686
12/9/2015,Cable,670767
11/30/2015,Cable,110680
11/30/2015,Cable,110680
11/30/2015,Cable,131875
11/30/2015,Cable,131875
11/30/2015,Cable,132170
11/30/2015,Cable,132170
12/3/2015,Cable,111574
12/4/2015,Cable,125917
12/4/2015,Cable,143228
12/4/2015,Cable,390479
12/5/2015,Cable,254505
12/5/2015,Cable,323748
12/5/2015,Cable,103692
12/5/2015,Cable,284375
12/6/2015,Cable,243631
12/6/2015,Cable,108787
12/7/2015,Cable,225935
12/8/2015,Cable,184105
12/9/2015,Cable,154508
12/9/2015,Cable,136839
12/9/2015,Cable,172536
12/9/2015,Cable,104128
12/7/2015,Cable,232309
12/7/2015,Cable,76853
12/2/2015,Cable,144925
11/30/2015,Cable,176822
11/30/2015,Cable,176822
11/30/2015,Cable,153170
11/30/2015,Cable,153170
11/30/2015,Cable,129303
11/30/2015,Cable,129303
11/30/2015,Cable,98160
12/1/2015,Cable,103566
12/1/2015,Cable,247445
12/2/2015,Cable,250624
12/3/2015,Cable,126346
12/4/2015,Cable,98847
12/2/2015,Cable,313609
12/4/2015,Cable,266719
12/1/2015,Cable,266533
12/1/2015,Cable,312606
12/2/2015,Cable,295110
12/2/2015,Cable,254144
12/4/2015,Cable,286207
12/1/2015,Cable,298902
12/2/2015,Cable,269623
12/4/2015,Cable,295934
11/30/2015,Cable,196356
11/30/2015,Cable,196356
12/1/2015,Cable,228697
12/1/2015,Cable,234377
12/3/2015,Cable,241100
12/3/2015,Cable,207681
12/5/2015,Cable,200945
12/6/2015,Cable,203558
12/6/2015,Cable,176561
12/7/2015,Cable,123089
12/8/2015,Cable,237381
12/7/2015,Cable,51381
12/7/2015,Cable,141986
12/7/2015,Cable,158537
12/7/2015,Cable,123716
12/8/2015,Cable,166992
12/8/2015,Cable,172163
12/8/2015,Cable,156943
12/8/2015,Cable,311299
12/9/2015,Cable,159238
12/9/2015,Cable,118148
12/9/2015,Cable,113475
12/9/2015,Cable,63165
12/10/2015,Cable,200825
12/10/2015,Cable,224779
12/10/2015,Cable,262470
12/10/2015,Cable,287686
12/10/2015,Cable,319534
12/10/2015,Cable,372014
12/8/2015,Cable,315804
12/8/2015,Cable,316328
12/9/2015,Cable,218103
12/9/2015,Cable,283896
12/10/2015,Cable,230634
12/3/2015,Broadcast,100788
12/3/2015,Broadcast,100788
11/30/2015,Broadcast,79386
11/30/2015,Broadcast,79386
11/30/2015,Broadcast,93062
11/30/2015,Broadcast,93062
11/30/2015,Broadcast,81363
11/30/2015,Broadcast,81363
11/30/2015,Broadcast,79386
11/30/2015,Broadcast,79386
11/30/2015,Broadcast,93062
11/30/2015,Broadcast,93062
11/30/2015,Broadcast,81363
11/30/2015,Broadcast,81363
12/3/2015,Broadcast,70454
12/3/2015,Broadcast,99815
12/3/2015,Broadcast,70454
12/3/2015,Broadcast,99815
12/4/2015,Broadcast,63234
12/4/2015,Broadcast,83865
12/4/2015,Broadcast,63234
12/4/2015,Broadcast,83865
11/30/2015,Broadcast,42333
11/30/2015,Broadcast,42333
12/3/2015,Broadcast,52572
12/5/2015,Broadcast,26266
12/6/2015,Broadcast,68191
12/6/2015,Broadcast,100161
11/30/2015,Broadcast,171784
11/30/2015,Broadcast,171784
11/30/2015,Broadcast,140910
11/30/2015,Broadcast,140910
12/3/2015,Broadcast,341235
12/5/2015,Broadcast,233669
12/3/2015,Broadcast,295149
12/4/2015,Broadcast,256750
12/5/2015,Broadcast,215721
12/5/2015,Broadcast,269151
12/5/2015,Broadcast,203401
11/30/2015,Broadcast,414533
11/30/2015,Broadcast,414533
11/30/2015,Broadcast,470987
11/30/2015,Broadcast,470987
12/4/2015,Broadcast,317044
11/30/2015,Broadcast,424432
11/30/2015,Broadcast,424432
11/30/2015,Broadcast,434047
11/30/2015,Broadcast,434047
12/3/2015,Broadcast,544987
12/7/2015,Broadcast,362647
12/8/2015,Broadcast,393060
12/10/2015,Broadcast,330437
12/7/2015,Broadcast,505944
12/8/2015,Broadcast,459441
12/4/2015,Broadcast,66171
11/30/2015,Broadcast,77238
11/30/2015,Broadcast,77238
11/30/2015,Broadcast,67346
11/30/2015,Broadcast,67346
12/5/2015,Broadcast,186549
12/4/2015,Broadcast,26321
12/4/2015,Broadcast,26321
12/7/2015,Broadcast,115520
12/7/2015,Broadcast,119458
12/9/2015,Broadcast,137297
12/10/2015,Broadcast,160467
12/3/2015,Broadcast,296337
12/3/2015,Broadcast,296337
12/4/2015,Broadcast,256942
12/4/2015,Broadcast,256942
11/30/2015,Broadcast,178145
11/30/2015,Broadcast,178145
11/30/2015,Broadcast,178145
11/30/2015,Broadcast,178145
11/30/2015,Broadcast,255519
11/30/2015,Broadcast,255519
12/3/2015,Broadcast,243401
11/30/2015,Broadcast,405887
11/30/2015,Broadcast,411482
11/30/2015,Broadcast,415580
11/30/2015,Broadcast,415580
11/30/2015,Broadcast,407640
11/30/2015,Broadcast,407640
11/30/2015,Broadcast,520977
11/30/2015,Broadcast,520977
11/30/2015,Broadcast,776700
11/30/2015,Broadcast,776700
12/3/2015,Broadcast,625799
12/9/2015,Broadcast,473085
12/7/2015,Broadcast,551126
12/7/2015,Broadcast,589121
12/8/2015,Broadcast,545936
12/10/2015,Broadcast,610146
11/30/2015,Cable,10243
11/30/2015,Cable,10243
11/30/2015,Cable,3902
11/30/2015,Cable,3902
11/30/2015,Cable,36092
11/30/2015,Cable,36092
12/1/2015,Cable,20435
11/30/2015,Cable,11454
11/30/2015,Cable,11454
12/7/2015,Cable,693
12/8/2015,Cable,442
12/9/2015,Cable,11425
12/8/2015,Cable,348
11/30/2015,Cable,362
11/30/2015,Cable,362
11/30/2015,Cable,4456
11/30/2015,Cable,4456
12/3/2015,Cable,5849
12/3/2015,Cable,4581
12/4/2015,Cable,437
12/5/2015,Cable,2398
12/5/2015,Cable,2078
11/30/2015,Cable,127
11/30/2015,Cable,127
12/2/2015,Cable,263
12/3/2015,Cable,2805
12/3/2015,Cable,2676
12/5/2015,Cable,2350
12/5/2015,Cable,3085
12/5/2015,Cable,19719
12/5/2015,Cable,19719
12/6/2015,Cable,3121
12/6/2015,Cable,2200
12/6/2015,Cable,301
12/6/2015,Cable,5908
11/30/2015,Cable,2043
11/30/2015,Cable,2043
12/2/2015,Cable,12203
12/3/2015,Cable,1304
12/3/2015,Cable,3580
12/4/2015,Cable,6194
12/4/2015,Cable,1856
12/4/2015,Cable,697
12/5/2015,Cable,33327
12/5/2015,Cable,25303
12/7/2015,Cable,293
12/7/2015,Cable,118
12/8/2015,Cable,5923
12/8/2015,Cable,3750
12/8/2015,Cable,115
12/7/2015,Cable,2172
12/9/2015,Cable,10331
12/9/2015,Cable,35819
12/7/2015,Cable,3980
12/7/2015,Cable,2836
12/7/2015,Cable,13257
12/8/2015,Cable,3740
12/8/2015,Cable,4269
12/9/2015,Cable,1810
12/10/2015,Cable,4963
12/10/2015,Cable,7393
12/10/2015,Cable,12816
12/10/2015,Cable,3888
12/10/2015,Cable,4154
12/7/2015,Cable,15399
12/7/2015,Cable,12351
12/7/2015,Cable,4931
12/9/2015,Cable,2226
12/10/2015,Cable,1998
12/10/2015,Cable,11639
12/10/2015,Cable,17813
11/26/2015,Broadcast,5099169
11/26/2015,Broadcast,5099169
11/26/2015,Broadcast,5223796
11/26/2015,Broadcast,5223796
11/26/2015,Broadcast,5223796
11/22/2015,Broadcast,1908900
11/22/2015,Broadcast,1908900
11/26/2015,Broadcast,494610
11/26/2015,Broadcast,494610
11/26/2015,Broadcast,1245348
11/26/2015,Broadcast,1245348
11/26/2015,Broadcast,3878093
11/26/2015,Broadcast,3878093
11/26/2015,Broadcast,4260611
11/26/2015,Broadcast,4260611
11/27/2015,Broadcast,156159
11/27/2015,Broadcast,156159
11/27/2015,Broadcast,164065
11/27/2015,Broadcast,164065
11/28/2015,Broadcast,621521
11/28/2015,Broadcast,759962
11/28/2015,Broadcast,759962
11/28/2015,Broadcast,621521
11/29/2015,Broadcast,2341210
11/29/2015,Broadcast,1929727
11/29/2015,Broadcast,2796314
11/29/2015,Broadcast,1929727
12/6/2015,Broadcast,2007613
12/6/2015,Broadcast,1713045
12/6/2015,Broadcast,2941190
12/5/2015,Broadcast,953540
12/5/2015,Broadcast,976207
11/20/2015,Broadcast,873521
11/19/2015,Broadcast,1372220
11/18/2015,Broadcast,784313
11/19/2015,Cable,8046
11/19/2015,Cable,43562
11/19/2015,Cable,182011
11/19/2015,Cable,150691
11/19/2015,Cable,111395
11/19/2015,Cable,121268
11/19/2015,Cable,166972
11/19/2015,Cable,111633
11/19/2015,Cable,97546
11/19/2015,Cable,66042
11/19/2015,Broadcast,431080
11/18/2015,Broadcast,904889
11/19/2015,Broadcast,854309
11/19/2015,Broadcast,200556
11/19/2015,Broadcast,170483
11/19/2015,Cable,37465
11/19/2015,Cable,82138
11/19/2015,Cable,212280
11/19/2015,Cable,144962
11/19/2015,Cable,68339
11/19/2015,Cable,184272
11/19/2015,Broadcast,548011
11/19/2015,Cable,282411
11/19/2015,Cable,70999
11/19/2015,Cable,68522
11/19/2015,Cable,189428
11/19/2015,Cable,201706
11/19/2015,Cable,164711
11/19/2015,Cable,126213
11/19/2015,Cable,9645
11/19/2015,Cable,26481
11/19/2015,Cable,65273
11/19/2015,Cable,55891
11/19/2015,Cable,49862
11/19/2015,Cable,114954
11/19/2015,Cable,142754
11/19/2015,Cable,212760
11/19/2015,Cable,223161
11/19/2015,Cable,219526
11/19/2015,Broadcast,237032
11/20/2015,Broadcast,922576
11/21/2015,Broadcast,1107103
11/19/2015,Broadcast,438399
11/25/2015,Broadcast,978788
11/23/2015,Broadcast,711574
11/19/2015,Cable,35852
11/19/2015,Cable,45730
11/19/2015,Cable,45183
11/19/2015,Cable,82359
11/19/2015,Cable,112540
11/19/2015,Cable,151910
11/19/2015,Cable,185720
11/19/2015,Cable,242220
11/19/2015,Cable,12392
11/19/2015,Cable,14866
11/19/2015,Cable,130659
11/19/2015,Cable,121736
